crop,area_hectares,soil_quality_index,irrigation_system,fertilizer_kg_per_hectare,avg_temperature_c,total_rainfall_mm,sunshine_hours,pest_pressure,disease_occurrence,yield_per_hectare_tons,total_yield_tons,quality_grade,planting_month,harvest_month
cassava,44.69,0.84,True,1.1,34.2,408.1,2234.0,low,none,17.27,771.95,C,3,8
tomatoes,38.62,0.31,True,0.3,31.5,1146.9,2026.0,medium,moderate,14.19,548.09,A,2,7
beans,16.16,0.48,False,2.5,32.2,340.9,2705.0,medium,none,0.84,13.51,B,12,2
potatoes,20.52,0.86,True,8.6,28.7,1396.5,2046.0,high,minor,28.39,582.56,C,9,7
rice,18.52,0.62,False,0.5,23.9,458.4,1891.0,medium,none,2.35,43.58,B,10,6
maize,2.72,0.38,False,61.9,33.2,382.0,1915.0,low,none,2.55,6.94,A,2,11
tomatoes,10.29,0.91,False,4.5,23.2,732.2,1761.0,high,moderate,32.94,338.99,C,6,9
rice,43.62,0.59,True,2.6,21.2,1141.7,1592.0,high,none,4.01,175.08,A,9,5
rice,38.72,0.82,False,0.4,18.7,731.3,2183.0,medium,moderate,3.17,122.67,C,10,4
potatoes,9.71,0.9,True,1.6,29.8,363.6,2441.0,low,moderate,18.36,178.25,B,3,5
beans,33.77,0.53,False,2.0,27.5,409.2,2601.0,high,moderate,0.99,33.33,A,5,6
wheat,45.84,0.81,True,3.5,28.8,681.5,1613.0,high,moderate,5.8,265.94,A,11,4
beans,31.41,0.7,True,5.4,29.5,1340.7,2227.0,high,none,2.45,76.9,B,12,11
rice,22.15,0.84,False,4.9,24.1,708.4,2015.0,low,none,3.68,81.46,B,10,1
potatoes,42.77,0.64,False,1.2,32.5,1100.4,1669.0,low,minor,18.79,803.46,B,2,11
rice,10.25,0.96,False,2.2,28.7,386.6,2602.0,low,none,3.26,33.44,A,6,11
beans,13.73,0.71,True,5.2,22.6,1105.1,2538.0,medium,minor,2.03,27.91,B,1,7
wheat,30.85,0.76,False,5.3,27.0,355.0,1982.0,high,none,3.82,117.92,B,3,4
beans,8.07,0.55,False,10.0,20.2,1015.2,2184.0,high,moderate,1.38,11.12,B,10,6
tomatoes,36.44,0.58,True,3.5,20.4,1383.3,1697.0,low,minor,28.39,1034.47,A,8,1
beans,19.7,0.35,True,6.7,33.9,993.8,2952.0,medium,minor,1.33,26.11,B,3,11
rice,17.0,0.94,False,9.9,34.0,718.8,1736.0,high,none,6.03,102.43,A,5,11
tomatoes,22.12,0.56,True,1.6,26.8,1039.0,2663.0,medium,minor,30.58,676.51,A,11,8
cassava,10.5,0.9,False,16.0,21.2,425.0,2997.0,medium,none,15.47,162.46,B,8,10
rice,49.94,0.52,False,3.3,29.3,532.1,2274.0,high,none,2.21,110.61,A,4,4
maize,35.54,0.92,False,3.0,25.1,921.8,1927.0,low,moderate,7.06,250.99,A,1,2
tomatoes,7.42,0.79,True,13.1,27.4,1301.4,1894.0,low,minor,34.52,256.17,B,10,7
rice,29.9,0.82,True,3.0,26.8,1252.3,2843.0,medium,none,4.85,144.9,A,12,3
rice,3.36,0.41,False,34.5,27.0,494.5,2377.0,high,none,1.62,5.45,B,10,3
beans,35.44,0.99,True,2.2,23.9,1281.6,2117.0,high,minor,3.82,135.47,C,2,1
potatoes,15.72,0.92,True,7.7,25.0,1121.5,2816.0,high,minor,36.07,566.98,C,2,5
rice,23.38,0.56,False,5.0,27.9,587.9,2533.0,low,minor,2.18,50.99,A,3,8
beans,25.34,0.84,True,0.9,31.8,798.1,1513.0,high,moderate,2.27,57.46,B,2,2
maize,20.42,0.83,True,0.6,20.9,695.8,2646.0,high,moderate,5.55,113.41,B,4,5
rice,1.26,0.93,False,104.8,28.7,725.7,2670.0,high,none,5.54,6.98,B,2,5
potatoes,41.73,0.75,True,2.9,20.1,551.4,2936.0,low,none,31.41,1310.92,B,2,11
maize,4.3,0.92,False,6.7,30.7,1440.2,2174.0,low,minor,3.91,16.82,C,3,12
maize,19.7,0.64,True,8.4,26.0,600.3,2566.0,medium,none,7.32,144.24,B,9,5
maize,46.44,0.98,True,3.8,25.3,1214.6,2297.0,high,none,7.86,365.02,A,7,4
maize,8.87,1.0,True,9.7,32.2,1299.0,1868.0,high,none,6.75,59.88,C,1,11
tomatoes,6.21,0.87,True,17.7,33.3,1083.1,1902.0,low,minor,46.99,291.81,B,11,6
rice,33.88,0.44,False,3.5,27.5,1184.5,1661.0,high,moderate,1.98,67.1,B,2,12
potatoes,48.59,0.86,True,2.3,33.6,418.7,2416.0,low,minor,34.59,1680.88,C,6,2
tomatoes,20.68,0.64,True,6.0,23.3,1244.2,2743.0,low,minor,39.15,809.64,A,1,10
tomatoes,8.22,0.97,True,5.2,18.9,1459.1,2151.0,medium,minor,57.99,476.66,B,3,10
maize,15.76,0.49,True,5.8,29.7,357.6,2766.0,medium,minor,3.42,53.9,B,1,5
cassava,31.04,0.7,True,4.0,24.3,1072.4,2145.0,low,minor,13.95,433.03,C,6,12
potatoes,38.18,0.64,False,2.3,32.1,300.8,2438.0,high,minor,11.38,434.47,B,4,12
rice,15.83,0.87,True,9.3,19.9,395.0,2607.0,low,moderate,6.84,108.31,C,6,8
potatoes,24.74,0.36,False,0.8,27.5,822.1,2875.0,high,none,7.74,191.6,B,7,1
wheat,29.95,0.79,False,1.5,32.4,1167.0,2189.0,medium,minor,2.87,85.96,C,3,4
potatoes,26.86,0.54,False,5.8,24.8,992.7,2679.0,medium,moderate,17.25,463.2,A,5,9
beans,9.85,0.81,False,3.5,21.1,985.2,1562.0,medium,none,1.15,11.37,B,9,2
rice,44.95,0.95,True,3.5,31.0,732.6,2174.0,low,moderate,7.95,357.17,B,4,5
maize,7.62,0.4,True,19.2,31.6,965.9,1516.0,low,none,4.42,33.68,A,9,8
tomatoes,13.98,0.35,True,2.4,28.9,438.2,1664.0,low,moderate,15.52,216.94,C,12,9
cassava,31.0,0.52,True,4.2,34.3,378.7,2502.0,medium,minor,13.5,418.55,B,7,5
rice,27.94,0.89,True,1.9,29.1,678.4,2938.0,low,moderate,7.24,202.27,C,3,7
cassava,30.71,0.49,False,5.0,34.0,1254.1,2437.0,medium,moderate,7.63,234.29,B,9,3
potatoes,0.99,0.69,False,52.9,26.2,1247.2,2334.0,medium,none,22.91,22.68,A,11,10
cassava,9.3,0.37,True,7.4,27.9,317.6,2854.0,medium,none,6.67,62.01,B,11,11
wheat,37.9,0.61,False,0.8,21.6,1414.6,1726.0,high,none,1.47,55.76,C,3,11
potatoes,37.47,0.77,True,0.0,21.0,382.8,2011.0,high,minor,23.62,884.87,B,4,1
potatoes,42.02,0.4,False,0.6,29.7,578.2,2937.0,low,none,11.26,473.32,A,4,1
maize,21.72,0.81,False,6.8,25.2,1162.3,1751.0,high,minor,6.52,141.62,B,6,3
cassava,46.44,0.54,False,2.1,31.0,949.6,1698.0,medium,moderate,9.18,426.13,A,7,3
beans,39.21,0.33,True,3.4,29.7,937.7,2220.0,low,none,1.11,43.68,B,5,4
maize,9.96,0.7,True,11.2,22.7,379.6,2443.0,high,moderate,5.95,59.28,C,12,12
maize,13.64,0.85,False,9.8,22.8,1499.1,2926.0,medium,minor,4.75,64.76,A,3,8
cassava,36.87,0.57,True,2.6,30.9,968.9,2298.0,medium,moderate,16.33,602.05,A,5,7
cassava,19.67,0.76,True,6.5,33.1,871.8,2280.0,medium,none,16.87,331.77,C,11,8
potatoes,5.68,0.48,True,7.1,34.4,974.1,2104.0,high,minor,18.5,105.09,A,11,5
wheat,11.7,0.97,True,5.8,32.6,558.9,2662.0,medium,minor,6.1,71.43,B,1,7
cassava,26.39,0.6,True,6.3,25.6,393.6,2259.0,low,moderate,15.93,420.35,B,7,2
wheat,41.28,0.9,True,0.3,21.8,1316.7,2944.0,low,none,3.03,125.13,C,8,12
cassava,9.75,0.71,True,8.1,31.0,592.7,2259.0,high,moderate,15.93,155.32,B,5,3
beans,27.54,0.39,False,3.0,28.6,1130.0,2432.0,medium,minor,0.94,25.95,C,4,7
wheat,34.22,0.89,False,4.3,34.9,1209.6,1708.0,low,minor,2.54,87.0,C,8,5
wheat,40.64,0.56,True,0.3,33.3,705.1,2059.0,medium,none,2.26,92.04,A,11,12
potatoes,24.41,0.69,False,4.5,24.2,920.1,2593.0,low,moderate,17.57,429.0,B,10,3
potatoes,45.05,0.58,True,3.8,27.9,818.3,2118.0,medium,moderate,31.65,1425.68,A,1,2
wheat,38.66,0.58,False,0.7,29.9,350.8,2652.0,low,minor,2.2,85.18,B,3,5
tomatoes,39.81,0.4,True,4.9,18.6,916.7,1627.0,medium,minor,20.04,797.6,A,6,9
wheat,28.23,0.47,True,0.5,31.9,987.5,2922.0,low,none,2.4,67.66,B,12,1
cassava,32.2,0.53,False,3.5,33.7,681.8,2944.0,low,minor,10.26,330.49,A,2,10
potatoes,24.01,0.88,False,6.3,34.3,1249.4,2380.0,high,minor,18.09,434.42,A,3,5
beans,5.97,0.66,True,28.1,34.1,927.4,2484.0,high,minor,2.17,12.96,C,12,4
wheat,27.13,0.65,True,6.1,32.3,1167.9,1700.0,medium,moderate,3.01,81.67,C,5,10
wheat,6.77,0.36,True,12.2,30.6,1265.3,2603.0,high,minor,2.37,16.07,A,9,12
cassava,38.36,0.57,False,2.9,28.5,616.1,2576.0,medium,none,8.46,324.34,B,9,3
cassava,22.97,0.38,True,7.1,26.2,470.4,2147.0,high,moderate,7.65,175.63,C,9,1
cassava,43.3,0.72,False,2.4,33.9,949.8,1854.0,low,none,14.18,614.03,B,7,11
cassava,20.27,0.48,True,4.1,31.2,1032.3,2619.0,high,none,9.47,191.96,C,4,1
cassava,8.39,0.59,True,13.2,21.6,1298.9,2592.0,low,minor,9.38,78.7,A,12,12
maize,3.86,0.48,False,10.8,31.8,1102.8,1656.0,medium,moderate,3.49,13.46,C,12,2
cassava,4.07,0.72,True,30.8,30.5,1478.7,1720.0,high,none,17.67,71.91,C,1,10
wheat,28.4,0.88,False,4.9,23.3,1016.7,1626.0,medium,minor,4.56,129.39,C,9,9
wheat,39.97,0.38,True,0.0,25.0,939.1,2859.0,medium,minor,1.68,67.16,B,4,9
cassava,41.84,0.67,True,2.4,19.9,1327.4,1535.0,high,moderate,17.08,714.67,B,6,12
cassava,1.92,0.67,True,23.6,28.7,943.4,2401.0,medium,moderate,20.31,38.99,A,4,2
potatoes,16.39,0.88,False,10.3,19.2,1275.8,1935.0,medium,moderate,21.09,345.59,A,1,7
tomatoes,17.63,0.69,True,9.1,33.1,475.8,1514.0,high,minor,47.49,837.18,A,6,12
beans,22.07,0.96,True,2.2,25.2,1376.6,2766.0,low,none,2.31,51.0,A,6,9
beans,7.52,0.91,False,12.1,19.9,806.6,1598.0,medium,none,2.12,15.96,B,8,11
wheat,33.52,0.52,False,5.3,30.2,1113.0,2831.0,medium,none,2.15,72.2,C,5,6
maize,1.25,0.39,True,50.1,20.6,496.7,2725.0,low,none,3.9,4.88,A,12,3
tomatoes,30.45,0.72,True,4.9,32.7,1389.2,2214.0,medium,none,28.98,882.55,C,8,6
maize,23.85,0.44,True,6.5,27.8,998.3,1681.0,high,moderate,4.47,106.52,C,3,3
rice,23.25,0.35,True,5.0,31.1,448.3,2102.0,medium,none,3.35,77.87,A,6,3
potatoes,27.72,0.37,True,4.9,34.1,752.9,2348.0,low,minor,16.62,460.8,A,1,5
tomatoes,29.8,0.64,True,1.8,31.7,409.9,2373.0,medium,moderate,27.93,832.32,C,10,1
maize,34.7,0.68,False,1.4,18.7,1314.0,2360.0,medium,none,4.89,169.81,C,3,2
beans,5.91,0.37,True,11.4,25.2,946.9,2798.0,high,none,1.18,6.96,A,6,3
beans,4.38,0.93,False,25.2,29.1,1071.3,2093.0,high,moderate,1.56,6.84,C,6,11
cassava,12.86,0.87,True,8.7,27.8,357.0,2773.0,medium,none,25.46,327.43,B,9,12
tomatoes,26.24,0.94,True,4.0,31.8,936.9,1890.0,medium,none,49.49,1298.6,A,11,9
potatoes,3.59,0.78,True,21.6,34.1,1115.1,2969.0,low,minor,33.21,119.23,C,1,10
potatoes,46.82,0.75,True,1.9,29.4,1059.9,2976.0,medium,minor,21.29,996.98,A,2,10
tomatoes,27.54,0.83,True,6.4,33.4,1287.6,1699.0,high,minor,34.9,961.23,B,9,12
beans,11.1,0.79,True,0.3,22.8,483.0,2385.0,high,none,1.51,16.76,B,5,6
potatoes,7.99,0.73,True,3.3,31.2,629.8,2487.0,medium,minor,24.57,196.31,C,3,12
rice,38.91,0.78,True,3.7,30.8,461.3,2872.0,medium,moderate,6.25,243.09,C,4,1
potatoes,31.41,0.93,True,5.4,28.0,1453.8,2170.0,medium,none,40.08,1259.01,C,8,5
maize,28.1,0.69,False,3.6,28.9,974.2,2012.0,high,none,4.01,112.57,B,3,3
beans,30.97,0.89,True,3.9,29.9,587.3,2739.0,high,moderate,2.56,79.16,A,6,10
beans,26.01,0.33,False,7.4,19.0,1133.3,1695.0,high,minor,0.79,20.53,B,7,7
potatoes,8.22,0.71,True,19.3,27.2,874.3,2482.0,medium,none,30.78,252.99,B,11,5
beans,41.23,0.6,False,0.2,33.5,512.7,1686.0,high,minor,0.85,35.18,C,1,5
cassava,10.27,0.45,True,2.3,34.9,363.0,2959.0,low,none,7.4,76.01,C,6,12
cassava,36.02,0.36,True,5.5,31.3,1182.6,2947.0,medium,none,8.79,316.71,C,3,2
maize,35.57,0.95,True,1.4,20.2,1164.1,2829.0,low,moderate,6.79,241.55,C,8,11
wheat,33.28,0.59,False,1.5,24.8,384.4,1832.0,high,moderate,2.73,90.73,C,4,1
potatoes,22.58,0.79,True,8.4,18.6,1386.7,2701.0,medium,moderate,20.44,461.54,B,6,2
rice,42.42,0.71,True,1.6,29.1,1396.0,2022.0,medium,moderate,6.38,270.7,A,6,1
wheat,28.68,0.41,False,4.1,34.9,1202.9,2904.0,low,none,1.17,33.46,A,9,1
tomatoes,16.79,0.71,True,1.8,33.1,817.1,1900.0,high,minor,29.77,499.76,B,6,1
maize,20.83,0.6,False,5.2,20.3,1145.9,1811.0,low,moderate,3.14,65.49,A,9,4
rice,44.5,0.87,False,1.4,31.8,788.1,2074.0,low,moderate,5.12,227.83,C,8,8
tomatoes,38.54,0.66,False,2.7,34.6,1345.4,1533.0,low,minor,20.91,805.81,C,5,9
cassava,3.29,0.84,True,4.3,26.6,541.0,2913.0,medium,minor,15.54,51.13,B,12,12
cassava,22.83,0.41,False,0.6,22.7,426.8,1755.0,high,none,6.3,143.79,B,12,12
rice,30.51,0.41,False,0.5,26.8,968.0,2273.0,high,minor,1.55,47.31,C,3,9
cassava,2.9,0.36,False,2.8,20.4,1098.8,2466.0,low,minor,4.07,11.8,C,1,3
maize,4.22,0.56,False,23.8,28.2,1085.5,2808.0,medium,minor,3.44,14.53,C,4,10
wheat,1.03,0.97,False,54.8,26.5,693.2,1971.0,medium,moderate,5.22,5.37,B,5,12
maize,24.76,0.81,True,7.7,22.0,376.5,2523.0,high,none,7.67,189.94,A,3,8
cassava,14.52,0.5,True,9.9,21.0,767.0,2272.0,high,moderate,12.28,178.38,A,11,2
tomatoes,22.36,0.9,True,2.0,29.2,356.0,1523.0,high,none,36.22,809.77,C,1,12
rice,34.1,0.92,True,4.5,24.0,1347.5,1629.0,medium,moderate,4.99,170.15,B,4,9
potatoes,14.66,0.72,False,10.5,29.8,928.3,1888.0,medium,none,17.28,253.34,A,1,9
beans,29.59,0.31,True,2.9,33.7,1465.0,1644.0,low,moderate,0.84,24.75,C,6,5
tomatoes,13.06,0.33,False,12.3,27.9,1145.5,2052.0,high,none,13.07,170.66,A,4,3
beans,27.3,0.66,False,5.6,26.3,1418.9,1937.0,low,none,1.02,27.82,C,2,5
rice,41.67,0.42,False,1.1,20.5,708.1,1528.0,high,none,2.64,110.04,A,7,11
tomatoes,14.03,0.87,False,0.1,23.8,922.8,1504.0,high,moderate,29.24,410.22,A,3,8
cassava,25.45,0.59,False,1.5,25.5,714.6,2496.0,low,moderate,8.64,219.86,B,8,2
tomatoes,6.25,0.96,True,30.3,22.0,681.9,1875.0,high,none,57.61,360.04,C,9,4
potatoes,14.2,0.49,True,6.3,28.3,1413.5,2695.0,high,none,22.64,321.48,C,4,1
potatoes,20.85,0.35,True,9.3,34.3,1361.0,1798.0,low,moderate,13.63,284.2,C,4,1
rice,21.16,0.68,False,1.4,22.6,338.1,2636.0,high,none,2.75,58.22,C,8,11
tomatoes,42.36,0.72,True,0.7,19.2,1034.0,1970.0,medium,none,43.17,1828.59,A,2,4
cassava,26.56,0.83,False,4.3,21.8,1292.5,2777.0,low,none,11.97,318.05,B,1,2
wheat,47.69,0.58,True,0.6,21.6,491.0,2369.0,medium,none,2.6,123.91,C,6,11
rice,14.67,0.47,False,2.3,29.3,1101.4,1892.0,low,none,2.47,36.18,B,4,11
tomatoes,24.81,0.57,False,7.2,28.1,729.6,1522.0,low,moderate,24.5,607.88,A,7,11
maize,4.41,0.61,True,40.9,30.2,1414.1,1843.0,high,minor,3.91,17.24,B,10,1
maize,38.29,0.63,True,0.3,31.9,430.5,2180.0,medium,moderate,5.31,203.44,C,8,10
maize,17.85,0.62,True,11.0,28.1,572.7,3000.0,high,moderate,7.73,137.91,A,6,6
rice,24.26,0.98,True,7.2,24.3,376.4,2547.0,high,minor,6.76,164.04,A,9,11
beans,29.18,0.89,False,4.5,20.1,878.5,2681.0,medium,moderate,2.07,60.41,C,11,7
cassava,11.36,0.85,False,12.9,24.9,1394.7,2660.0,low,minor,8.94,101.57,A,4,1
rice,32.27,0.94,False,2.6,20.0,1490.5,1549.0,high,moderate,4.48,144.65,B,1,6
rice,23.87,0.79,True,1.8,28.0,925.5,2247.0,low,minor,4.9,117.07,C,6,1
rice,25.02,0.73,False,1.4,34.5,698.0,1867.0,medium,minor,3.79,94.8,A,8,7
maize,38.53,0.58,True,4.5,22.5,672.1,2200.0,medium,moderate,6.72,259.01,B,10,12
wheat,44.37,0.91,True,3.6,28.3,912.8,1885.0,high,moderate,7.59,336.95,B,11,8
wheat,41.15,0.48,False,0.8,21.2,1470.4,1629.0,medium,minor,1.52,62.5,A,1,11
rice,44.24,0.59,True,3.9,27.9,415.1,1518.0,high,none,4.15,183.37,C,11,11
cassava,24.94,0.97,False,6.5,28.2,1411.6,2819.0,high,none,16.72,416.9,A,2,7
maize,29.77,0.5,True,1.4,18.9,1306.5,2439.0,low,none,3.6,107.11,A,10,3
tomatoes,21.34,0.43,False,1.9,24.1,1101.1,1596.0,high,minor,14.96,319.31,B,4,1
beans,8.65,0.74,False,7.6,27.7,731.0,2401.0,high,minor,1.82,15.72,C,7,12
potatoes,38.53,0.31,True,0.2,25.8,743.8,2195.0,medium,moderate,7.6,292.66,B,2,6
maize,19.53,0.53,True,3.1,30.9,1287.2,2882.0,low,minor,3.88,75.73,B,11,10
tomatoes,11.35,0.82,True,14.0,24.1,396.0,1692.0,medium,none,42.64,483.96,A,6,6
wheat,25.74,0.44,False,3.4,33.7,524.0,2175.0,high,minor,1.31,33.64,C,5,4
maize,45.26,0.6,False,3.5,32.8,1137.1,2886.0,medium,moderate,2.9,131.13,B,12,12
potatoes,6.88,0.38,False,4.5,31.7,949.2,2412.0,high,none,10.0,68.77,C,10,5
wheat,16.7,0.54,True,0.6,34.3,771.6,1698.0,high,none,2.5,41.79,C,7,5
potatoes,23.63,0.91,False,1.5,30.2,604.8,2653.0,high,none,16.53,390.58,A,3,8
wheat,28.06,0.56,True,4.5,27.3,913.4,2542.0,medium,moderate,3.05,85.49,A,1,5
tomatoes,18.5,0.46,False,9.7,30.4,369.4,2481.0,high,moderate,15.12,279.68,A,9,2
cassava,23.3,0.58,True,6.9,34.3,920.9,1544.0,medium,moderate,16.89,393.5,A,10,12
rice,22.35,0.84,True,5.3,29.1,1364.1,2987.0,low,none,5.12,114.49,B,10,5
wheat,40.86,0.45,True,3.9,27.7,1431.0,2718.0,medium,none,3.05,124.5,C,8,11
beans,1.4,0.83,True,110.4,27.8,631.4,1572.0,medium,moderate,2.72,3.81,B,11,7
beans,49.53,0.59,True,0.8,23.3,1074.5,2621.0,low,moderate,2.23,110.32,A,10,9
beans,46.68,0.96,False,3.5,27.1,1487.9,1877.0,medium,moderate,2.05,95.86,A,3,5
beans,45.15,0.43,False,0.2,29.5,611.6,1861.0,high,minor,0.8,35.98,A,7,1
beans,46.53,0.88,False,0.6,18.6,306.4,2776.0,low,none,1.15,53.46,A,4,7
rice,49.62,0.4,True,0.8,24.1,1234.2,1836.0,medium,minor,2.29,113.7,A,8,9
beans,3.99,0.63,False,35.2,24.5,809.0,1643.0,medium,moderate,1.12,4.45,C,4,8
tomatoes,40.45,0.35,False,0.5,32.0,1223.9,2200.0,high,minor,10.51,425.08,C,11,2
rice,23.76,0.51,True,6.2,18.1,1491.9,2554.0,low,minor,4.27,101.53,B,9,6
rice,1.23,0.71,False,148.5,21.4,1180.7,2780.0,medium,minor,3.5,4.3,C,3,5
cassava,32.92,0.41,True,2.8,26.4,576.5,2619.0,medium,none,8.18,269.37,C,9,10
cassava,30.98,0.49,True,1.0,30.1,375.6,1804.0,medium,minor,9.95,308.35,B,9,3
cassava,24.99,0.97,False,5.9,24.0,1422.2,2667.0,high,none,9.92,247.86,B,4,8
potatoes,29.26,0.51,True,6.3,18.8,621.2,1797.0,low,moderate,15.58,455.91,B,4,11
maize,5.18,0.55,False,29.7,31.9,1330.4,2405.0,low,none,3.56,18.43,C,4,1
wheat,38.71,0.71,True,1.0,29.0,1050.9,1996.0,low,none,3.71,143.8,B,6,11
beans,31.63,0.71,True,1.6,19.9,1073.9,1634.0,high,minor,2.65,83.92,C,1,8
cassava,23.91,0.99,True,0.1,20.6,822.7,2531.0,high,none,21.68,518.26,A,10,9
rice,14.38,0.83,False,13.1,23.9,542.5,2509.0,low,minor,3.45,49.67,A,5,1
potatoes,10.98,0.83,True,17.4,24.9,584.7,1701.0,medium,none,41.89,459.98,C,9,1
wheat,19.19,0.68,True,10.0,33.9,1167.8,1715.0,high,minor,4.35,83.51,C,6,7
wheat,37.8,0.95,False,0.7,20.3,341.1,1533.0,low,minor,2.95,111.45,C,3,4
beans,5.57,0.34,False,16.8,19.0,984.0,2740.0,medium,none,0.91,5.05,A,9,9
wheat,33.41,0.35,False,2.2,32.2,760.6,2833.0,high,minor,1.53,51.13,C,2,9
maize,26.06,0.69,True,1.4,20.0,882.2,1615.0,high,moderate,5.65,147.24,B,9,10
potatoes,22.54,0.63,True,6.7,26.4,616.9,2640.0,medium,minor,23.61,532.13,C,11,1
beans,19.94,0.33,False,0.2,25.0,1474.3,2999.0,high,moderate,0.36,7.1,A,3,4
cassava,46.49,0.87,False,1.4,34.5,807.0,1511.0,high,moderate,11.34,527.33,A,1,10
potatoes,28.41,0.73,True,3.0,21.9,922.8,2221.0,low,none,36.49,1036.7,A,11,7
potatoes,26.46,0.91,False,7.3,26.1,706.7,1955.0,high,moderate,20.96,554.69,C,7,11
rice,45.78,0.49,True,3.0,34.8,542.2,1702.0,medium,none,2.73,124.77,B,3,4
rice,31.51,0.87,True,2.4,34.3,623.8,2667.0,high,minor,8.16,256.99,C,6,10
tomatoes,5.61,0.55,False,22.3,25.2,460.5,2588.0,high,moderate,29.81,167.22,A,8,5
maize,25.52,0.79,False,0.2,34.0,926.3,2635.0,medium,moderate,3.8,96.96,C,12,3
potatoes,22.78,0.67,True,8.5,30.2,972.6,1611.0,low,none,20.69,471.37,B,8,10
potatoes,5.19,0.83,True,11.5,28.3,1287.2,2140.0,high,minor,36.24,188.08,C,5,6
potatoes,19.63,0.32,False,0.9,21.7,428.9,1906.0,medium,minor,5.64,110.69,A,3,7
wheat,20.29,0.69,False,7.6,33.4,1252.3,2936.0,low,moderate,2.81,57.08,B,4,7
potatoes,28.99,0.9,True,0.5,20.7,635.6,2793.0,medium,none,30.55,885.53,A,5,3
tomatoes,49.81,0.43,False,1.0,29.8,711.0,2641.0,low,none,21.65,1078.61,A,7,2
rice,6.26,0.43,True,6.7,30.6,470.9,1989.0,high,none,2.59,16.24,A,12,6
cassava,6.23,0.85,True,6.9,32.4,536.8,2173.0,high,minor,19.94,124.2,B,11,11
potatoes,13.45,0.56,True,3.6,34.8,902.6,2112.0,low,minor,25.27,339.92,A,12,4
beans,42.28,0.82,True,1.9,33.4,905.4,1772.0,low,none,2.41,101.73,B,5,11
potatoes,41.81,0.49,False,0.7,34.7,490.0,2766.0,medium,moderate,7.39,308.97,B,5,9
rice,29.81,0.46,True,5.3,32.9,790.2,2237.0,high,minor,4.68,139.54,A,9,8
cassava,35.92,0.58,False,1.0,27.6,682.0,2769.0,high,minor,11.1,398.81,A,4,9
tomatoes,3.67,0.87,True,1.5,19.5,923.5,2196.0,medium,minor,47.67,174.94,B,4,12
cassava,46.67,0.94,True,3.9,22.2,485.3,2886.0,high,moderate,24.3,1134.05,C,1,7
maize,2.5,0.7,False,9.5,26.8,1086.0,2982.0,medium,minor,4.25,10.62,B,12,7
potatoes,12.66,0.91,True,11.1,27.2,579.1,1757.0,high,moderate,35.5,449.43,C,6,9
cassava,10.88,0.87,False,10.6,27.4,1206.2,2495.0,high,moderate,16.81,182.94,A,3,12
cassava,48.02,0.53,True,1.0,25.4,611.7,1507.0,low,moderate,13.4,643.28,B,11,10
potatoes,49.67,0.34,True,2.5,23.9,771.4,2357.0,medium,moderate,15.19,754.26,B,6,8
beans,22.61,0.94,False,1.9,34.1,378.0,1879.0,low,none,2.1,47.41,B,9,11
beans,48.38,0.8,False,1.8,31.1,589.7,2720.0,low,minor,1.78,86.09,C,3,5
tomatoes,37.93,0.64,True,3.0,33.9,586.8,1748.0,high,none,47.75,1811.16,C,6,2
tomatoes,31.12,0.56,True,5.7,20.6,1075.5,1825.0,low,moderate,33.29,1036.04,B,5,6
maize,24.35,0.72,False,6.5,19.6,596.2,1649.0,medium,none,4.81,117.1,C,4,6
potatoes,20.11,0.95,True,9.1,22.0,507.9,1941.0,low,minor,49.15,988.46,A,9,9
potatoes,42.89,0.92,False,1.7,28.5,1482.8,2338.0,medium,none,17.06,731.6,B,9,8
rice,29.53,0.53,True,4.3,23.1,1479.5,2147.0,low,none,3.89,114.76,A,5,10
wheat,12.4,0.83,True,11.7,20.7,711.2,1597.0,low,minor,4.57,56.68,A,2,7
rice,13.54,0.98,True,12.5,22.9,1009.6,2353.0,medium,moderate,8.27,112.03,A,1,10
cassava,19.9,0.88,True,8.4,28.4,793.7,2260.0,low,none,22.26,443.03,B,5,11
wheat,12.4,0.76,True,4.6,20.0,399.0,1826.0,medium,minor,3.63,45.06,A,7,2
maize,16.76,0.91,True,8.1,19.9,331.5,2128.0,low,minor,6.8,113.95,A,10,8
tomatoes,24.54,0.43,True,6.7,29.3,478.0,2890.0,medium,none,23.28,571.28,C,1,9
rice,23.88,0.85,False,7.3,23.4,1011.2,1877.0,high,moderate,4.91,117.14,B,6,9
cassava,40.37,0.42,False,0.8,34.0,1400.5,2295.0,low,moderate,4.86,196.2,A,3,5
tomatoes,17.51,0.62,False,5.6,25.7,595.0,1567.0,medium,minor,24.85,435.12,B,4,2
cassava,25.54,0.83,True,4.8,26.3,1241.2,2279.0,medium,none,24.61,628.59,C,6,7
wheat,24.7,0.82,True,5.4,28.0,564.5,2265.0,medium,moderate,5.04,124.37,B,9,5
maize,5.15,0.92,False,0.3,24.1,372.9,2637.0,medium,minor,3.48,17.93,B,2,10
wheat,10.55,0.53,False,3.5,24.3,1188.9,1962.0,low,moderate,1.99,21.0,B,8,10
potatoes,9.75,0.81,False,11.1,19.7,1342.9,2889.0,low,minor,24.9,242.81,A,4,3
rice,13.66,0.8,True,7.2,25.2,1149.8,2646.0,high,none,8.17,111.54,C,4,9
rice,48.8,0.78,True,3.2,21.7,1110.4,2509.0,low,minor,7.3,356.02,C,5,5
cassava,1.49,0.65,True,48.1,21.6,920.3,2475.0,high,minor,16.2,24.14,B,1,5
wheat,32.44,0.63,False,1.2,32.1,1290.8,1586.0,high,none,2.72,88.16,B,5,3
beans,34.59,0.79,False,1.8,28.3,594.3,2363.0,low,minor,1.92,66.36,B,10,9
maize,7.26,0.83,False,1.0,26.9,1091.2,2072.0,medium,minor,3.11,22.61,C,8,4
beans,35.69,0.54,False,4.3,18.2,1293.2,2383.0,high,minor,1.05,37.61,A,10,6
maize,20.69,0.52,False,8.9,30.6,310.6,1899.0,high,moderate,2.78,57.56,C,1,4
potatoes,11.79,0.98,True,15.3,30.7,390.5,2577.0,medium,minor,26.02,306.74,B,12,6
beans,33.01,0.43,False,2.4,29.9,1283.9,2045.0,low,none,0.59,19.53,B,10,1
rice,33.4,0.97,True,1.3,33.8,561.6,2506.0,high,none,8.22,274.6,B,1,3
beans,10.1,0.36,False,7.3,24.1,468.0,2991.0,medium,none,0.95,9.61,A,3,2
maize,37.29,0.78,True,1.3,33.3,579.2,2542.0,medium,moderate,9.12,340.27,B,7,7
maize,46.04,0.73,False,3.3,29.6,904.4,2696.0,low,none,3.7,170.57,C,3,8
rice,43.61,0.64,True,3.4,22.0,447.0,2811.0,high,none,4.91,214.04,B,11,3
beans,12.27,0.85,True,7.4,19.3,419.2,2684.0,high,minor,2.32,28.52,A,9,11
tomatoes,3.94,0.7,True,36.6,23.4,1362.3,1650.0,high,none,50.71,199.81,B,9,4
wheat,10.62,0.59,True,4.1,27.0,1235.4,2314.0,low,none,2.54,27.02,C,3,7
beans,21.67,0.76,True,5.2,29.4,808.5,1900.0,low,moderate,3.16,68.52,A,7,6
cassava,33.14,0.39,True,5.5,25.9,611.4,1711.0,low,none,12.28,406.93,B,6,7
maize,42.72,0.63,False,3.2,24.7,864.7,2961.0,low,moderate,3.86,164.94,B,4,8
rice,35.53,0.5,True,1.6,26.4,712.9,2777.0,low,moderate,5.32,188.91,A,1,12
cassava,41.8,0.51,False,2.0,34.4,1463.1,2595.0,high,moderate,6.25,261.45,A,5,6
wheat,1.34,0.89,False,77.9,32.4,853.6,2933.0,low,minor,3.88,5.2,C,11,12
beans,1.91,0.62,True,65.6,28.5,411.0,2160.0,medium,minor,1.64,3.14,A,1,11
tomatoes,16.33,0.36,False,2.8,25.3,825.8,1524.0,medium,none,13.37,218.41,C,7,7
beans,22.15,0.81,False,3.7,19.6,359.5,1646.0,high,minor,2.05,45.48,B,11,6
cassava,21.54,0.47,False,2.2,19.7,587.4,1834.0,low,none,8.26,178.0,B,9,3
tomatoes,11.64,0.57,False,1.8,30.6,874.9,2786.0,low,none,16.83,195.87,A,7,11
wheat,36.2,0.48,True,4.0,20.6,1003.7,2572.0,high,moderate,3.38,122.27,A,4,8
cassava,8.09,0.45,False,22.7,31.1,319.1,1512.0,high,moderate,5.39,43.61,A,1,9
cassava,40.72,0.43,False,3.2,25.1,1463.7,2852.0,high,none,7.11,289.67,A,9,1
rice,17.53,0.35,False,7.4,29.3,673.4,2382.0,low,moderate,1.44,25.23,B,8,4
potatoes,37.72,0.56,False,2.9,23.9,887.4,2411.0,low,none,19.68,742.47,A,1,5
wheat,20.4,0.84,True,1.3,32.2,798.7,1967.0,medium,none,3.78,77.01,A,12,7
tomatoes,18.34,0.6,True,2.8,29.6,1047.8,2418.0,medium,minor,43.17,791.65,C,4,1
tomatoes,29.63,0.49,False,0.1,28.7,1467.6,2756.0,medium,moderate,15.99,473.91,B,10,8
cassava,8.64,0.67,False,10.5,33.6,303.0,2621.0,high,moderate,11.04,95.36,B,9,11
maize,46.7,0.68,False,3.0,21.1,309.4,2806.0,high,none,4.66,217.4,A,10,7
maize,30.15,0.55,False,0.5,34.9,994.1,2784.0,medium,moderate,2.1,63.42,B,2,12
wheat,40.4,0.87,True,1.0,24.3,747.5,2740.0,low,minor,4.49,181.35,B,4,4
maize,25.18,0.73,False,2.2,30.2,1362.5,2530.0,medium,minor,4.3,108.2,B,3,9
cassava,10.38,0.46,True,5.0,21.7,1369.7,2186.0,high,minor,12.43,129.03,B,10,5
potatoes,11.84,0.95,True,6.0,32.7,862.1,1551.0,low,minor,47.94,567.61,C,5,10
rice,7.75,0.51,True,14.7,33.5,855.2,1598.0,high,none,5.28,40.93,C,9,3
potatoes,48.43,0.85,False,1.6,24.3,351.0,2902.0,low,moderate,27.48,1330.74,B,9,3
maize,29.84,0.92,False,4.9,27.7,1182.3,1796.0,high,minor,5.95,177.51,A,10,2
tomatoes,3.7,0.48,False,0.8,27.6,1145.0,2684.0,medium,moderate,10.59,39.2,A,8,8
rice,31.29,0.89,True,4.2,29.5,354.4,2984.0,low,minor,4.79,149.85,B,6,10
beans,6.59,0.8,True,24.1,29.4,496.0,1763.0,high,minor,2.56,16.86,C,4,2
cassava,6.69,0.94,False,11.8,32.4,1147.5,1757.0,medium,none,13.76,92.04,A,9,3
rice,5.32,0.79,False,18.3,34.4,505.9,2788.0,medium,minor,4.16,22.16,B,6,9
maize,40.07,0.31,True,4.7,22.5,1256.0,2887.0,medium,none,2.99,119.77,B,8,11
maize,6.23,0.91,True,8.7,32.3,1421.6,2345.0,low,none,8.35,52.01,B,2,8
tomatoes,4.76,0.48,True,12.8,34.0,339.8,2299.0,low,moderate,32.93,156.75,C,4,6
potatoes,33.88,0.83,False,1.4,26.0,654.9,2569.0,low,moderate,16.68,564.96,A,10,7
maize,40.34,0.92,False,4.4,33.4,1373.8,2586.0,medium,moderate,4.9,197.77,B,5,1
beans,5.51,0.86,True,7.7,31.5,928.3,2649.0,high,minor,2.85,15.71,C,4,12
beans,43.84,0.62,True,2.5,26.7,754.3,2790.0,high,none,2.5,109.43,A,5,10
potatoes,4.38,0.49,True,4.4,27.9,498.7,2746.0,low,minor,16.26,71.23,C,12,6
maize,8.54,0.51,True,4.8,21.4,1244.2,1870.0,high,minor,4.5,38.47,A,1,1
wheat,15.88,0.57,True,8.2,20.8,1206.8,1675.0,low,moderate,4.44,70.56,B,9,11
maize,42.4,0.82,True,2.6,19.5,557.0,1932.0,high,moderate,6.01,254.61,A,12,4
maize,19.82,0.45,True,8.9,24.1,1470.8,1688.0,high,moderate,4.2,83.27,B,10,5
cassava,29.57,0.74,False,3.8,25.6,791.7,2189.0,high,none,15.62,461.81,A,7,9
wheat,32.57,0.61,False,0.1,31.2,357.3,2431.0,medium,none,2.02,65.64,A,11,6
potatoes,24.46,0.52,False,4.9,34.1,747.2,2655.0,low,none,12.8,313.19,A,7,3
wheat,10.51,0.81,False,10.2,30.3,580.3,1845.0,high,moderate,3.92,41.18,B,1,11
rice,11.61,0.41,False,9.2,24.2,651.1,2668.0,high,moderate,1.88,21.85,C,10,9
beans,38.77,0.49,True,1.4,32.8,1281.8,2451.0,high,none,1.31,50.67,C,5,1
wheat,40.39,0.96,False,1.4,29.7,1256.8,1966.0,low,none,2.66,107.48,C,2,6
potatoes,13.11,0.62,False,10.1,19.2,931.2,2566.0,high,none,19.29,252.95,A,7,11
wheat,4.23,0.92,False,25.1,30.3,1136.3,1814.0,medium,moderate,3.58,15.15,A,11,6
rice,37.29,0.61,True,1.8,28.9,1436.1,2361.0,medium,none,3.84,143.01,A,8,4
tomatoes,18.43,0.34,False,1.2,32.7,1079.1,1679.0,medium,moderate,12.57,231.76,A,11,7
tomatoes,24.7,0.52,True,3.8,29.8,487.6,2343.0,low,minor,31.73,783.72,B,1,1
beans,42.68,0.97,False,3.1,18.6,1169.7,2886.0,low,minor,1.83,78.3,A,5,2
maize,5.18,0.62,False,27.4,24.5,838.1,2414.0,low,none,3.51,18.18,B,7,11
tomatoes,7.98,0.76,False,5.8,20.9,1286.6,1630.0,medium,moderate,34.54,275.64,B,9,8
rice,27.76,0.56,True,2.4,34.2,554.6,1575.0,low,minor,3.95,109.72,B,3,5
beans,10.98,0.71,False,3.8,34.2,1195.1,2962.0,high,moderate,1.33,14.58,A,5,10
tomatoes,30.25,0.43,True,2.2,23.9,1469.7,2856.0,low,minor,17.72,536.02,B,3,5
tomatoes,32.03,0.44,True,2.9,21.5,1297.8,1634.0,low,minor,28.06,898.76,C,12,11
maize,45.02,0.67,True,1.9,28.6,579.6,1578.0,medium,none,7.22,325.09,C,3,12
wheat,6.9,0.78,False,8.2,33.5,1370.6,2208.0,low,minor,2.36,16.25,C,7,6
rice,16.62,0.71,False,1.5,30.2,1196.1,2679.0,medium,minor,2.77,45.96,B,11,7
cassava,49.43,0.68,False,2.4,28.1,577.4,2174.0,medium,none,9.06,447.81,B,9,1
cassava,28.23,0.57,True,2.6,20.0,734.8,1701.0,low,none,11.12,313.85,C,2,10
potatoes,24.09,0.81,True,2.8,30.8,546.7,1537.0,medium,none,34.77,837.71,C,11,9
cassava,25.41,0.82,False,4.3,28.2,1390.9,1756.0,high,none,15.27,388.02,C,3,1
rice,31.39,0.37,False,5.1,18.1,717.8,2743.0,low,none,2.57,80.76,A,8,6
potatoes,49.83,0.32,False,1.7,25.0,1274.6,1514.0,medium,none,6.12,305.15,B,11,12
tomatoes,47.79,0.33,False,3.0,26.9,888.6,2744.0,medium,moderate,18.64,890.61,C,5,12
wheat,45.39,0.41,True,3.6,29.2,431.8,1850.0,high,moderate,2.08,94.31,A,5,4
beans,22.49,0.81,True,8.0,26.6,822.4,2404.0,medium,none,2.54,57.09,C,8,10
wheat,6.24,0.65,True,31.8,19.5,1195.9,1907.0,high,moderate,3.26,20.32,B,10,5
maize,43.41,0.91,False,0.1,32.7,507.8,2116.0,low,moderate,3.17,137.66,B,11,6
cassava,28.35,0.56,True,6.3,18.8,1365.8,1968.0,low,minor,9.83,278.75,B,2,1
wheat,26.62,0.61,True,2.0,32.7,1005.5,2764.0,high,none,4.88,129.83,C,2,3
rice,6.62,0.77,False,4.7,18.7,1386.1,2064.0,medium,none,3.9,25.79,B,2,7
beans,36.12,0.36,False,4.7,31.8,706.2,2931.0,high,none,0.71,25.52,C,10,2
maize,30.81,0.48,False,3.1,19.5,1058.7,1911.0,low,none,2.86,88.04,A,11,3
maize,4.01,0.92,False,7.5,21.2,335.8,2439.0,medium,moderate,3.51,14.08,A,12,4
maize,41.49,0.54,True,0.6,32.9,1319.0,2818.0,medium,minor,3.65,151.55,A,5,1
potatoes,18.84,0.93,True,8.8,20.0,608.6,1743.0,low,minor,42.01,791.55,B,7,10
beans,27.43,0.36,True,4.6,27.1,691.8,2030.0,medium,moderate,1.08,29.62,C,1,8
cassava,21.42,0.61,False,2.5,20.2,471.9,2298.0,medium,none,7.66,164.0,B,10,8
wheat,26.92,0.87,True,5.3,23.5,1453.7,2781.0,medium,minor,6.42,172.86,B,6,1
rice,46.04,0.65,False,1.4,18.2,761.9,2573.0,medium,moderate,3.66,168.3,A,5,3
maize,28.85,0.49,False,0.3,28.4,649.4,2695.0,low,minor,2.71,78.32,C,4,10
maize,25.88,0.33,True,3.9,20.0,1060.8,2260.0,medium,minor,2.33,60.4,A,10,3
tomatoes,15.13,0.64,True,4.8,32.7,1327.5,1649.0,medium,none,31.53,477.03,C,8,4
potatoes,30.06,0.73,False,3.0,31.3,1429.7,2687.0,low,moderate,16.26,488.86,C,4,4
potatoes,26.61,0.51,False,1.6,31.5,499.2,2924.0,high,none,11.38,302.94,A,10,8
wheat,1.05,0.53,True,108.5,18.6,889.9,2149.0,low,none,4.43,4.65,B,6,1
potatoes,29.22,0.55,False,1.0,21.1,1215.9,1705.0,medium,moderate,14.2,414.81,B,2,5
beans,31.33,0.65,True,2.1,35.0,725.6,2697.0,medium,moderate,1.78,55.82,A,11,11
wheat,25.77,0.97,True,0.0,18.4,586.3,1806.0,high,minor,3.59,92.43,B,12,1
tomatoes,43.93,0.72,False,0.3,34.7,1164.8,1935.0,medium,minor,26.62,1169.58,B,10,8
wheat,42.61,0.5,True,2.4,29.8,531.5,2688.0,low,none,2.83,120.41,B,5,11
tomatoes,40.03,0.96,False,0.4,32.5,397.6,2515.0,high,minor,23.65,946.52,A,3,9
tomatoes,9.92,0.92,True,18.1,20.2,956.4,1566.0,high,moderate,77.52,768.98,A,2,8
rice,26.72,0.39,False,3.2,25.3,1053.6,2153.0,high,none,2.68,71.54,A,9,10
potatoes,0.67,0.62,True,209.6,20.1,479.8,1815.0,high,minor,26.52,17.77,A,1,11
potatoes,42.93,0.59,True,3.9,18.2,1352.7,2864.0,medium,none,19.62,842.44,C,4,6
beans,47.61,0.65,True,2.7,27.9,360.7,1648.0,high,minor,2.14,101.99,A,5,4
rice,47.78,0.75,True,2.9,27.8,974.2,2751.0,low,minor,7.57,361.66,B,10,7
beans,28.77,0.99,True,2.9,26.3,517.2,2495.0,medium,minor,3.92,112.65,A,2,6
tomatoes,12.9,0.65,False,2.3,18.7,1454.9,1580.0,high,moderate,26.2,338.04,C,12,11
potatoes,30.02,0.67,True,5.8,19.7,1171.9,2756.0,low,moderate,31.58,948.06,A,9,5
tomatoes,39.77,0.48,False,3.6,34.5,1292.7,2826.0,medium,none,12.62,501.82,C,9,9
beans,10.6,0.89,True,3.8,33.1,976.1,2710.0,medium,minor,2.81,29.74,B,9,11
wheat,39.65,0.41,False,4.0,19.0,804.3,2373.0,medium,minor,1.55,61.55,A,12,11
cassava,41.53,0.87,True,3.8,20.8,412.9,1832.0,low,minor,23.76,986.6,C,1,3
cassava,47.38,0.57,False,3.3,30.3,1146.6,1784.0,high,moderate,8.65,409.71,C,7,12
wheat,45.23,0.42,False,3.0,24.6,1305.5,2139.0,high,none,1.49,67.44,C,2,10
cassava,4.25,0.71,True,13.6,31.8,755.7,2410.0,high,minor,17.52,74.45,C,7,2
beans,25.61,0.86,True,3.5,20.6,892.8,2839.0,low,none,2.42,62.03,A,5,6
beans,8.99,0.56,True,18.3,26.3,912.7,2046.0,low,moderate,1.8,16.21,B,1,3
tomatoes,43.96,0.82,True,1.1,22.1,740.3,2339.0,high,none,51.17,2249.31,A,2,2
maize,2.4,0.97,False,79.1,19.8,1257.9,2028.0,low,moderate,5.9,14.15,C,5,11
wheat,7.28,0.63,False,25.2,24.2,1185.0,2107.0,medium,none,3.42,24.91,A,1,8
potatoes,19.26,0.57,False,9.5,25.9,1386.2,1782.0,low,none,9.88,190.25,A,1,11
beans,2.14,0.72,False,57.6,33.2,1309.7,1502.0,low,minor,1.47,3.15,A,1,9
rice,30.33,0.81,True,4.2,19.2,985.0,2776.0,high,none,6.87,208.3,C,6,2
cassava,11.3,0.93,False,5.6,30.8,1428.8,1803.0,low,minor,13.97,157.82,A,9,7
maize,40.46,0.94,True,3.6,33.0,398.7,2016.0,high,none,7.6,307.45,C,11,3
potatoes,5.07,0.99,True,14.5,25.4,756.6,2177.0,high,none,41.31,209.45,B,1,2
beans,39.12,0.53,True,1.6,28.1,382.3,1853.0,high,none,1.21,47.22,B,2,7
tomatoes,27.26,0.37,False,0.3,19.4,595.1,2250.0,medium,moderate,11.45,312.15,B,11,5
potatoes,38.62,0.95,False,3.4,29.5,983.5,1963.0,high,moderate,18.97,732.71,C,3,8
beans,6.18,0.51,False,27.0,23.6,1042.0,2544.0,medium,minor,0.85,5.26,B,10,7
tomatoes,26.24,0.72,True,0.4,25.5,1109.2,1807.0,high,moderate,41.97,1101.23,C,2,2
beans,7.86,0.49,False,5.0,27.1,390.6,1776.0,high,minor,1.16,9.12,B,11,10
wheat,21.82,0.64,True,2.8,23.5,1311.8,2566.0,medium,minor,4.54,99.05,A,11,8
cassava,15.97,0.34,False,11.5,24.7,1064.7,2691.0,high,minor,6.68,106.67,B,7,7
beans,45.53,0.46,False,0.7,31.8,326.2,2239.0,high,none,0.91,41.23,B,6,1
tomatoes,25.78,0.38,True,5.9,31.4,507.6,2653.0,low,moderate,20.33,524.15,B,11,11
rice,27.15,0.77,False,1.6,19.0,558.0,2220.0,low,none,3.4,92.37,B,5,6
rice,1.36,0.5,True,45.2,20.8,868.3,1995.0,medium,moderate,4.68,6.36,C,3,9
tomatoes,20.83,0.54,False,4.5,23.9,475.4,1844.0,medium,moderate,17.86,371.95,B,9,8
maize,9.03,0.76,False,17.9,24.1,573.8,2705.0,high,minor,5.7,51.48,C,3,1
potatoes,6.64,0.95,True,28.7,28.2,631.1,2177.0,high,moderate,36.32,241.18,A,2,2
rice,14.18,0.74,False,4.7,29.5,604.9,2829.0,medium,minor,2.82,39.99,B,2,3
maize,5.81,0.43,False,23.7,24.8,411.7,1938.0,medium,moderate,2.51,14.58,C,4,9
wheat,21.09,0.51,True,4.2,18.8,1455.4,2096.0,high,none,2.4,50.69,C,1,11
tomatoes,1.57,0.88,False,81.3,20.4,1007.5,2127.0,low,moderate,38.2,59.97,C,4,8
potatoes,34.18,0.38,True,5.2,27.6,1398.9,2148.0,high,moderate,15.72,537.39,B,2,10
maize,23.83,0.67,False,2.6,19.0,1293.8,2471.0,medium,none,3.82,91.11,A,4,9
wheat,5.69,0.83,True,18.1,29.1,547.2,2777.0,high,none,4.85,27.58,B,10,11
potatoes,11.8,0.75,True,7.6,30.4,1186.6,2165.0,low,minor,25.86,305.1,C,9,11
potatoes,34.2,0.52,False,3.9,22.7,668.5,2694.0,high,none,14.75,504.49,B,5,6
rice,12.6,0.46,False,8.1,30.5,1305.2,2103.0,medium,moderate,2.16,27.17,A,6,7
maize,20.17,0.34,False,7.4,33.6,361.1,1775.0,low,moderate,1.99,40.05,C,2,8
tomatoes,22.2,0.7,True,5.4,18.8,1275.5,2723.0,high,minor,45.46,1009.12,B,3,10
cassava,46.8,0.61,False,2.5,30.5,322.4,2573.0,medium,moderate,8.32,389.51,B,2,8
beans,6.35,0.31,False,15.3,21.2,1235.8,2375.0,medium,none,0.63,4.03,C,6,7
beans,38.29,0.35,True,5.1,22.8,1496.9,1869.0,low,minor,1.07,40.95,A,2,3
maize,27.68,0.53,True,0.6,27.1,408.0,2360.0,low,none,4.77,132.06,B,1,3
potatoes,40.6,0.42,False,3.4,18.5,332.5,1810.0,low,moderate,7.92,321.72,A,11,10
cassava,13.52,0.75,False,4.2,26.0,1067.1,2371.0,high,minor,13.45,181.79,C,4,8
beans,1.66,0.77,False,101.4,27.2,1171.5,2760.0,high,minor,1.63,2.71,C,3,6
rice,40.19,0.39,False,3.3,28.2,884.1,2079.0,medium,minor,1.97,79.03,C,10,11
beans,47.13,0.77,False,3.2,27.9,757.9,2693.0,medium,none,1.35,63.78,A,7,2
cassava,47.54,0.81,True,0.7,19.1,501.8,2721.0,high,moderate,15.03,714.59,B,4,6
beans,24.59,0.68,False,2.5,29.0,816.7,2118.0,medium,minor,1.98,48.79,A,5,9
maize,45.66,0.55,False,1.1,21.3,1389.2,1810.0,low,moderate,2.84,129.9,B,12,3
potatoes,4.49,0.7,False,4.4,24.0,708.5,1770.0,medium,moderate,11.43,51.31,B,6,6
potatoes,11.94,0.33,False,9.9,24.5,1399.4,2833.0,medium,minor,7.67,91.61,A,3,9
cassava,32.85,0.54,True,3.3,23.4,974.1,2586.0,high,moderate,10.65,349.99,B,9,5
potatoes,41.19,0.9,True,2.5,29.9,1270.1,1951.0,high,none,39.04,1608.12,A,11,7
tomatoes,12.18,0.47,False,11.1,24.0,482.2,1740.0,low,moderate,20.57,250.6,C,3,2
tomatoes,31.42,0.6,False,0.5,25.5,1328.4,1507.0,medium,minor,20.62,647.95,C,7,7
cassava,36.79,0.98,False,0.0,25.0,392.4,2859.0,low,none,8.34,306.71,C,7,7
wheat,48.4,0.88,False,2.2,34.5,785.0,1654.0,medium,none,4.46,215.69,C,6,3
tomatoes,15.02,0.51,False,12.6,22.9,1080.0,2394.0,low,moderate,23.99,360.3,A,4,1
rice,17.98,0.31,True,0.7,24.7,1127.9,1609.0,low,minor,2.33,41.83,C,10,10
rice,8.1,0.67,True,16.6,22.8,775.9,1877.0,low,minor,6.52,52.81,A,1,5
cassava,6.53,0.93,False,21.5,28.2,557.5,1785.0,low,minor,12.14,79.26,B,2,1
cassava,44.71,0.94,True,1.2,24.2,708.9,2584.0,high,none,22.08,986.97,C,2,6
tomatoes,35.73,0.36,False,4.2,27.0,1080.3,1832.0,high,none,17.49,625.05,B,9,4
beans,28.16,0.75,False,3.5,27.4,887.1,2188.0,low,none,1.75,49.25,C,7,7
rice,40.07,0.53,False,4.7,33.3,635.0,2876.0,low,minor,3.27,131.22,A,3,1
potatoes,47.25,0.36,True,2.0,34.3,932.7,2703.0,medium,moderate,14.03,662.72,C,6,5
beans,7.31,0.77,True,4.0,24.0,1400.4,2131.0,medium,minor,2.46,18.01,A,6,8
beans,19.24,0.96,False,1.2,22.8,631.8,2752.0,low,moderate,1.9,36.58,C,4,3
potatoes,34.16,0.76,False,0.2,30.2,444.6,2347.0,medium,none,17.5,597.83,B,12,12
maize,32.99,0.36,True,0.5,32.4,1106.9,2510.0,low,moderate,1.95,64.43,A,9,11
maize,29.3,0.6,True,4.6,29.2,498.5,2162.0,high,minor,5.58,163.38,B,1,2
maize,13.76,0.89,False,3.2,18.1,455.6,1973.0,medium,moderate,6.08,83.68,C,12,10
maize,22.2,0.79,False,5.4,28.9,1274.3,1809.0,high,minor,3.41,75.66,B,2,2
beans,25.8,0.68,False,2.4,29.7,583.5,1848.0,medium,minor,1.79,46.22,B,12,10
wheat,1.19,0.74,False,144.2,19.4,829.9,1909.0,medium,minor,3.6,4.29,C,10,7
wheat,27.85,0.93,True,2.3,28.4,1330.8,2296.0,high,moderate,4.46,124.2,A,2,8
tomatoes,21.65,0.78,True,1.3,34.8,542.7,2451.0,low,none,45.26,979.9,C,3,5
tomatoes,35.99,0.47,False,0.6,33.7,861.8,2646.0,high,minor,15.69,564.56,B,9,2
potatoes,14.42,0.85,False,10.5,22.7,636.0,2025.0,low,none,17.49,252.21,B,11,12
beans,12.32,0.59,True,11.6,19.7,996.7,2210.0,low,none,1.58,19.47,B,8,11
cassava,39.73,1.0,False,2.5,19.0,556.6,2433.0,high,none,19.92,791.26,A,4,5
potatoes,23.7,0.79,False,0.3,33.9,1114.1,2450.0,high,minor,11.77,278.86,C,5,5
beans,12.33,0.97,True,0.6,30.2,521.6,2619.0,low,moderate,2.1,25.95,A,3,1
cassava,34.1,0.8,True,1.5,22.5,511.4,2322.0,high,none,15.3,521.88,B,11,6
rice,26.74,0.34,True,1.1,33.4,776.5,1888.0,medium,minor,2.07,55.42,B,2,1
potatoes,24.09,0.57,True,2.7,27.3,873.2,1637.0,low,moderate,26.36,635.09,B,6,10
beans,40.73,0.52,True,2.7,23.3,1116.5,1709.0,high,moderate,1.43,58.17,C,2,1
wheat,9.93,0.51,True,18.2,32.0,1418.3,1509.0,high,moderate,3.4,33.77,C,1,10
rice,36.08,0.54,False,3.9,30.6,909.5,2941.0,low,none,3.7,133.48,C,3,5
beans,29.13,0.77,False,2.0,22.2,453.0,1641.0,low,moderate,1.44,41.9,B,10,2
cassava,40.15,0.79,True,2.5,25.9,1495.3,1664.0,low,none,17.23,691.6,A,2,11
beans,12.62,0.44,False,9.7,29.5,468.8,1902.0,low,none,0.83,10.47,C,2,7
tomatoes,18.73,0.73,True,7.3,21.2,1404.7,1694.0,high,moderate,47.09,881.97,B,12,11
beans,13.93,0.8,True,2.0,20.9,826.5,2858.0,high,minor,1.84,25.67,B,8,9
beans,25.31,1.0,True,7.4,33.0,1332.6,1870.0,low,moderate,3.1,78.43,C,11,1
rice,36.67,0.89,True,4.1,32.3,607.8,1674.0,low,minor,8.09,296.65,C,10,4
beans,47.17,0.99,True,3.1,26.8,1438.4,2637.0,low,none,3.58,168.97,C,1,10
tomatoes,42.14,0.77,False,4.2,19.3,795.5,1530.0,high,moderate,29.12,1226.91,B,5,4
rice,43.33,0.82,True,2.5,20.3,1092.2,2780.0,low,minor,6.49,281.34,A,3,1
cassava,42.16,0.62,False,1.9,22.0,1277.5,2781.0,medium,minor,8.8,370.85,B,10,4
beans,46.17,0.65,True,0.4,20.7,508.6,2943.0,medium,moderate,1.31,60.49,B,12,2
beans,30.79,0.42,True,3.4,34.4,678.0,2091.0,medium,moderate,1.46,44.96,C,4,6
beans,4.36,0.47,True,44.7,26.1,1216.5,2013.0,medium,minor,1.43,6.25,A,10,1
maize,24.74,0.71,False,6.9,18.1,440.3,1603.0,medium,none,3.93,97.27,B,4,10
beans,43.49,0.72,True,3.7,32.9,441.1,1874.0,low,none,2.16,94.12,B,9,12
rice,15.62,1.0,False,0.9,23.4,333.2,1824.0,low,none,2.82,44.07,B,4,3
tomatoes,38.65,0.61,True,3.4,19.6,1314.2,2238.0,medium,none,41.38,1599.21,C,10,11
maize,42.13,0.71,False,2.0,27.5,1160.8,2927.0,low,minor,5.3,223.29,A,8,6
maize,26.34,0.9,True,0.9,30.6,1011.7,1551.0,medium,minor,7.41,195.11,C,1,2
potatoes,6.85,0.35,False,5.0,25.3,338.2,2671.0,medium,none,6.96,47.69,C,7,1
cassava,29.31,0.86,True,6.8,18.1,1023.9,2433.0,medium,none,19.75,578.74,B,6,12
beans,18.26,0.66,False,3.9,31.7,1076.3,2833.0,high,minor,1.08,19.67,B,6,11
beans,27.78,0.9,True,5.5,18.6,1242.2,2203.0,medium,none,3.38,93.81,B,3,6
wheat,0.66,0.91,False,155.8,19.1,740.5,2465.0,high,moderate,3.74,2.47,A,2,9
cassava,3.53,0.38,True,11.8,25.1,1348.2,1651.0,low,none,10.01,35.32,A,2,2
tomatoes,26.47,0.38,False,0.2,19.8,945.3,2682.0,high,none,14.18,375.23,B,12,10
maize,15.12,0.37,False,2.3,24.6,1469.7,2914.0,medium,none,1.81,27.36,A,6,11
potatoes,18.21,0.77,False,4.3,25.0,734.2,2978.0,high,moderate,16.8,306.01,C,11,7
beans,41.42,0.99,False,4.6,23.9,640.7,1634.0,medium,moderate,2.06,85.3,B,5,2
wheat,32.14,0.38,True,3.7,24.3,1037.1,2171.0,high,minor,2.23,71.8,C,12,10
rice,39.53,0.95,False,1.3,22.0,1385.2,1521.0,high,none,4.77,188.74,A,8,2
beans,11.22,0.73,True,3.9,28.5,545.8,2175.0,medium,minor,2.11,23.73,B,3,7
wheat,29.17,0.63,False,5.9,30.9,1025.3,1509.0,high,moderate,2.78,81.21,C,7,11
tomatoes,49.59,0.85,False,1.5,34.7,972.3,2228.0,low,minor,24.44,1211.84,A,1,4
beans,32.49,0.88,True,5.5,22.1,1152.5,2803.0,medium,moderate,2.71,88.06,B,9,6
rice,25.37,0.95,False,0.9,23.3,1211.0,1571.0,medium,none,3.17,80.32,A,8,7
tomatoes,17.74,0.82,False,2.8,30.6,1071.2,2465.0,high,moderate,29.71,527.01,C,12,6
beans,7.79,0.95,True,23.4,24.6,759.7,2501.0,medium,none,3.73,29.03,C,10,3
cassava,18.59,0.48,False,8.7,31.8,1077.5,2079.0,medium,moderate,7.99,148.53,C,3,11
wheat,12.95,0.32,True,13.8,26.9,1208.6,2234.0,high,none,2.2,28.45,B,2,8
tomatoes,2.48,0.45,False,36.7,22.6,1155.9,2097.0,high,minor,20.25,50.22,B,1,6
rice,8.92,0.54,False,4.7,28.9,805.3,2778.0,medium,none,2.81,25.03,C,3,10
maize,48.49,0.92,True,1.5,24.2,672.7,1900.0,low,moderate,11.56,560.69,A,1,8
tomatoes,8.2,0.48,False,3.4,30.6,836.2,2817.0,high,none,21.98,180.21,C,11,8
cassava,30.24,0.46,True,3.1,21.7,799.3,2334.0,low,minor,8.33,251.91,C,12,9
tomatoes,25.87,0.51,False,0.0,26.8,679.9,2435.0,low,minor,18.34,474.48,A,5,2
beans,2.18,0.95,True,74.7,28.3,591.4,1838.0,high,minor,3.12,6.8,A,3,12
wheat,14.42,0.43,True,3.7,30.8,760.5,1697.0,low,none,2.03,29.22,C,4,2
rice,10.41,0.85,True,0.2,19.9,1484.6,1788.0,medium,none,3.05,31.78,C,11,8
beans,42.24,0.77,False,0.1,22.2,756.1,1824.0,high,minor,0.98,41.38,C,6,6
beans,7.69,0.92,True,21.8,31.0,760.7,1860.0,high,minor,2.48,19.05,A,3,2
potatoes,14.42,0.97,True,8.5,31.0,804.6,2234.0,medium,none,34.08,491.47,A,3,9
rice,1.2,0.49,False,162.1,34.2,630.9,1708.0,high,none,2.08,2.49,B,12,9
maize,47.59,0.51,False,1.9,29.9,1109.9,2933.0,medium,minor,3.76,178.97,A,11,4
beans,6.89,0.53,False,24.9,30.7,596.1,2214.0,low,moderate,0.84,5.78,C,4,10
potatoes,4.83,0.7,True,8.1,23.3,949.2,2847.0,low,none,28.5,137.65,C,7,2
rice,7.14,0.84,False,18.7,25.9,558.8,2265.0,high,minor,5.33,38.07,B,4,11
beans,47.88,0.63,False,1.5,24.7,355.2,2690.0,high,minor,1.02,48.76,C,4,1
maize,12.87,0.76,True,9.5,24.1,1381.7,1770.0,high,moderate,7.27,93.6,C,2,8
cassava,29.09,0.37,True,4.2,23.2,1214.6,1847.0,high,minor,10.39,302.36,C,5,12
cassava,34.39,0.69,True,5.4,29.6,755.0,2499.0,low,moderate,14.42,496.03,B,4,9
potatoes,17.22,0.76,False,2.1,32.6,1099.8,2377.0,high,minor,18.89,325.23,A,8,1
potatoes,47.8,0.36,True,3.8,23.1,916.2,2570.0,medium,moderate,15.08,721.0,B,9,10
beans,30.07,0.93,False,5.2,32.8,1002.3,2647.0,low,moderate,2.29,69.0,B,11,5
beans,41.33,0.98,False,0.4,34.6,1099.0,2567.0,medium,none,1.8,74.48,A,12,1
maize,34.47,0.95,False,0.2,34.2,969.0,1794.0,medium,minor,3.72,128.36,C,5,9
maize,34.7,0.87,True,1.9,20.7,310.8,2011.0,high,none,9.85,341.81,C,1,9
tomatoes,46.13,0.63,True,0.7,31.6,1023.3,2653.0,medium,minor,36.4,1679.14,B,2,8
wheat,43.66,0.45,False,0.3,33.3,351.9,1976.0,low,minor,0.94,41.04,C,2,5
rice,24.86,0.67,False,4.7,21.7,834.3,1542.0,high,moderate,4.28,106.51,A,3,5
maize,7.62,0.61,False,0.2,23.3,912.0,2222.0,medium,none,2.64,20.13,C,11,9
rice,47.84,0.74,True,1.8,33.3,1425.8,2122.0,low,none,5.5,263.1,C,8,7
tomatoes,39.88,0.86,True,0.4,30.4,1135.0,2261.0,high,moderate,44.08,1758.02,C,1,9
beans,24.14,0.65,True,2.8,30.5,427.9,2042.0,high,minor,2.24,54.12,A,2,11
rice,29.2,0.96,False,4.2,26.4,1335.9,2269.0,low,moderate,3.8,110.94,A,8,10
cassava,40.92,0.86,True,4.3,28.3,544.5,2452.0,medium,minor,26.53,1085.78,C,9,12
cassava,48.86,0.83,False,4.1,29.8,305.9,2301.0,high,none,8.67,423.56,B,3,1
beans,46.78,0.71,False,0.8,21.6,745.3,1908.0,high,minor,1.43,66.71,C,3,7
rice,45.1,0.96,True,4.1,23.5,755.2,2960.0,high,none,7.6,342.71,B,6,9
beans,22.58,0.45,True,7.9,32.0,729.6,1913.0,low,minor,1.09,24.6,C,12,2
rice,39.12,0.96,True,1.0,27.6,1490.9,2033.0,medium,moderate,6.82,266.8,C,4,3
maize,27.47,0.53,False,6.3,24.8,776.9,1518.0,medium,none,3.63,99.76,C,2,8
cassava,33.73,0.97,False,4.7,28.9,900.2,1983.0,high,none,19.46,656.34,B,6,4
maize,35.41,0.99,True,1.2,22.4,786.4,1670.0,high,moderate,8.11,287.34,A,11,5
rice,8.35,0.64,True,4.2,28.5,1002.0,1999.0,medium,moderate,6.07,50.67,C,10,5
beans,34.65,0.47,False,2.9,18.1,1225.9,2810.0,low,minor,1.11,38.4,B,6,11
maize,23.31,0.42,False,6.6,28.3,1392.2,1720.0,medium,none,1.8,41.94,B,8,8
maize,29.08,0.67,True,1.0,26.4,1075.4,2284.0,low,moderate,5.45,158.48,A,12,6
rice,15.0,0.95,False,5.2,21.7,748.2,2605.0,high,none,4.58,68.73,B,10,2
wheat,4.76,0.68,False,2.1,24.6,587.3,2112.0,high,moderate,2.72,12.95,C,11,10
potatoes,33.6,0.49,False,0.6,21.1,307.3,2051.0,high,minor,10.08,338.85,C,2,8
maize,25.79,0.95,False,3.6,28.3,671.3,1960.0,medium,none,7.27,187.42,A,8,7
tomatoes,32.57,0.37,True,4.5,34.7,1308.3,2768.0,medium,none,18.62,606.36,C,9,2
tomatoes,11.76,0.64,True,11.5,28.7,661.5,2673.0,low,none,50.79,597.32,B,2,5
cassava,42.94,0.66,True,4.1,30.8,670.3,2989.0,high,moderate,13.18,565.9,A,6,4
beans,35.64,0.39,False,3.4,20.2,1208.1,2068.0,high,none,0.91,32.28,B,11,9
wheat,3.01,0.98,True,43.5,22.0,651.3,1938.0,high,none,4.73,14.25,B,3,4
tomatoes,45.34,0.91,True,1.1,18.2,444.0,2248.0,medium,minor,56.91,2580.2,A,9,8
rice,37.07,0.85,False,4.8,26.8,447.8,2941.0,high,minor,4.75,176.16,B,3,9
potatoes,16.28,0.32,True,1.9,30.2,1079.3,1678.0,low,minor,12.72,207.1,B,12,3
cassava,3.38,0.79,False,54.0,30.8,322.7,1932.0,low,none,12.54,42.38,B,3,6
wheat,44.41,0.31,True,1.4,30.0,1229.9,2448.0,low,moderate,2.28,101.12,C,4,8
maize,14.83,0.96,False,12.8,34.1,360.1,2771.0,medium,minor,4.77,70.67,C,6,10
cassava,15.82,0.37,False,11.8,25.4,726.5,2758.0,high,none,6.56,103.83,A,12,1
beans,17.93,0.33,False,1.5,29.5,796.3,1556.0,high,none,0.76,13.65,B,7,10
cassava,35.84,0.98,False,0.2,21.3,361.8,2498.0,medium,none,11.68,418.72,C,12,10
cassava,5.48,0.38,False,15.9,19.7,736.4,2482.0,medium,minor,4.74,25.98,B,8,9
maize,49.39,0.35,True,1.8,19.2,757.1,1903.0,low,none,3.78,186.75,B,2,10
cassava,48.25,0.59,True,1.2,20.1,1159.7,2268.0,high,none,11.36,548.23,A,1,9
potatoes,4.29,0.73,False,45.1,19.1,318.3,2310.0,high,none,18.86,80.92,C,4,10
wheat,32.86,0.85,False,5.7,28.8,521.1,2762.0,high,moderate,4.28,140.54,A,9,5
potatoes,43.79,0.62,True,0.8,31.0,1201.8,2412.0,low,minor,20.24,886.1,C,3,9
potatoes,13.75,0.85,False,10.4,34.9,1249.5,1636.0,medium,none,22.89,314.7,C,5,6
cassava,33.79,0.75,True,1.6,33.0,953.7,2069.0,medium,none,15.59,526.65,A,8,2
maize,33.21,0.63,True,3.9,20.7,1462.2,2439.0,high,minor,5.59,185.61,A,9,6
tomatoes,47.52,0.45,True,0.9,26.2,335.4,2763.0,medium,none,22.19,1054.38,A,2,2
potatoes,31.7,0.79,True,3.5,34.7,823.6,1824.0,medium,none,30.93,980.57,B,12,3
potatoes,4.32,0.61,True,38.2,24.7,454.3,1856.0,high,none,21.52,92.99,A,9,12
beans,22.03,0.97,False,7.8,26.0,1112.2,2882.0,medium,moderate,1.54,33.89,A,7,11
potatoes,25.3,0.54,False,0.4,31.3,1255.8,2392.0,medium,minor,11.61,293.85,C,6,4
maize,29.56,0.72,True,5.4,22.6,445.3,2695.0,medium,minor,5.0,147.9,A,7,6
rice,22.23,0.36,False,0.8,23.7,342.2,2670.0,low,minor,1.43,31.8,A,9,12
cassava,30.02,0.41,True,5.2,30.4,994.7,1996.0,medium,none,12.12,363.74,A,7,12
beans,37.15,0.33,True,2.2,33.4,1437.7,2149.0,medium,none,0.71,26.27,A,9,10
cassava,21.52,0.48,True,4.2,19.3,1490.7,1521.0,low,moderate,12.0,258.18,C,3,7
cassava,14.75,0.53,True,11.3,28.9,1499.3,2070.0,medium,moderate,12.8,188.84,C,4,12
tomatoes,26.56,0.94,True,7.3,20.0,527.7,2648.0,low,minor,63.28,1680.76,C,9,7
beans,40.58,0.39,False,4.2,20.8,1220.5,1851.0,high,moderate,0.68,27.54,B,4,3
tomatoes,20.77,0.7,False,0.2,30.1,1270.3,2428.0,high,minor,23.06,479.02,C,11,8
maize,6.11,0.69,True,29.6,24.6,1331.5,2852.0,high,minor,4.47,27.3,B,8,2
beans,26.77,0.39,True,1.7,30.2,936.2,2955.0,medium,moderate,1.14,30.65,A,11,3
wheat,14.4,0.99,True,4.0,22.5,435.5,2036.0,low,none,6.31,90.83,A,1,2
potatoes,20.75,0.76,False,9.6,22.7,662.9,1613.0,medium,moderate,19.37,401.97,A,12,2
maize,40.23,0.73,False,2.8,30.0,1012.7,2834.0,medium,none,4.03,162.23,A,2,5
wheat,5.44,0.58,True,17.6,32.1,939.2,2410.0,low,moderate,4.18,22.74,C,5,5
tomatoes,48.67,0.7,True,2.0,24.2,1451.6,2233.0,low,moderate,43.79,2131.23,C,4,3
maize,35.06,0.5,False,2.7,26.2,1064.9,1702.0,low,moderate,3.02,105.93,C,12,1
tomatoes,7.48,0.83,False,25.1,18.5,401.3,2281.0,high,moderate,25.44,190.31,C,5,6
potatoes,25.15,0.94,True,5.9,26.9,1407.2,2653.0,medium,none,30.14,758.06,B,1,11
tomatoes,22.21,0.65,True,4.3,23.9,1413.0,1874.0,high,minor,27.91,619.8,B,8,10
wheat,5.22,0.62,True,18.3,21.3,730.1,1645.0,high,none,5.08,26.5,A,11,8
beans,40.53,0.52,False,0.6,20.0,882.1,2185.0,low,moderate,0.89,36.23,A,10,10
maize,37.41,0.61,True,3.4,32.2,1390.1,2352.0,medium,none,5.35,200.03,C,11,9
rice,4.88,0.52,True,24.7,30.0,333.5,1732.0,low,minor,3.31,16.16,C,2,5
wheat,37.38,0.82,False,3.6,19.3,665.1,2826.0,low,minor,4.36,162.89,A,7,8
tomatoes,9.39,0.42,True,19.9,25.3,1477.6,2720.0,medium,none,17.03,159.95,C,5,7
wheat,21.13,0.84,False,8.6,26.5,809.0,2875.0,high,none,3.0,63.36,A,12,10
rice,30.35,0.64,False,1.9,21.8,800.9,1670.0,high,moderate,3.05,92.62,B,8,11
beans,21.8,0.46,False,6.0,29.2,1483.0,2222.0,medium,minor,0.96,20.82,C,3,5
potatoes,32.2,0.44,True,1.3,28.9,467.9,2614.0,low,moderate,14.15,455.74,A,2,8
potatoes,12.58,0.64,True,11.1,28.5,483.0,1609.0,medium,moderate,21.94,275.98,B,8,9
maize,4.05,0.49,False,18.7,22.0,886.6,1885.0,low,none,2.36,9.56,C,3,4
potatoes,45.83,0.81,True,1.5,29.5,975.3,1575.0,low,none,33.68,1543.52,C,2,8
cassava,31.81,0.56,False,6.2,28.7,1327.7,2518.0,high,none,9.15,291.14,B,12,10
tomatoes,18.73,0.47,False,8.5,22.3,549.6,1872.0,medium,minor,14.39,269.59,A,8,9
rice,7.98,0.79,False,20.1,26.6,835.9,2329.0,low,minor,5.11,40.79,A,3,3
tomatoes,28.54,0.68,True,0.2,30.0,821.8,1554.0,medium,minor,27.75,792.05,B,5,4
tomatoes,23.21,0.69,True,1.3,32.1,1479.7,2934.0,high,minor,32.01,742.85,C,6,6
beans,46.77,0.36,True,1.1,33.0,409.1,1856.0,high,none,1.29,60.49,B,11,11
tomatoes,44.97,0.53,True,2.6,29.8,473.6,1965.0,high,moderate,36.15,1625.67,A,8,6
wheat,34.71,0.91,True,2.9,24.0,402.6,2325.0,medium,minor,6.12,212.52,A,4,10
potatoes,13.92,0.33,False,6.7,20.9,1107.8,2179.0,medium,none,8.57,119.3,B,9,11
tomatoes,25.84,0.64,False,7.3,28.0,548.4,2090.0,high,none,35.5,917.37,A,3,11
cassava,14.54,0.45,True,4.1,27.8,356.6,1796.0,low,none,12.7,184.63,B,5,10
cassava,40.17,0.95,False,0.9,29.7,657.1,2888.0,medium,none,11.45,459.98,A,7,3
tomatoes,40.65,0.7,False,3.5,34.8,1169.7,2100.0,high,minor,19.24,781.99,C,4,12
rice,19.56,0.8,True,6.7,33.7,550.5,2786.0,medium,moderate,5.13,100.39,B,5,11
wheat,15.1,0.58,False,4.1,30.5,1117.9,1744.0,high,none,2.51,37.83,A,5,3
rice,38.02,0.92,False,0.7,19.9,1016.1,2768.0,low,moderate,2.97,112.79,C,6,1
wheat,10.46,0.91,False,19.0,25.7,1235.4,2685.0,low,minor,3.73,38.98,C,9,11
tomatoes,17.27,0.53,True,10.9,30.2,522.6,1941.0,high,none,37.86,653.82,A,7,11
beans,40.08,0.74,False,3.0,34.5,764.1,2920.0,medium,moderate,1.35,53.98,A,2,11
wheat,1.48,0.92,False,125.6,28.2,727.1,2512.0,medium,moderate,4.55,6.74,C,6,11
potatoes,16.44,0.87,False,1.6,25.8,1419.7,1558.0,low,moderate,20.89,343.5,C,8,10
tomatoes,5.32,0.85,False,6.7,29.2,1123.8,1674.0,low,moderate,39.14,208.21,A,12,7
rice,28.41,0.87,False,6.8,25.9,856.9,2878.0,high,minor,3.82,108.52,C,6,12
rice,9.54,0.47,True,7.1,21.2,532.4,2252.0,low,moderate,2.9,27.63,C,11,4
cassava,5.01,0.67,False,8.0,18.7,1144.4,1787.0,low,moderate,10.26,51.42,C,4,1
beans,27.92,0.8,False,1.3,23.1,1472.6,1695.0,medium,none,1.05,29.23,C,2,9
rice,16.12,0.78,False,6.9,30.0,1323.1,1933.0,low,none,3.19,51.41,C,9,8
cassava,9.62,0.47,True,2.6,32.7,850.9,2787.0,medium,minor,11.15,107.25,A,9,7
wheat,30.72,0.42,False,0.1,28.0,481.9,2550.0,medium,moderate,1.56,48.07,A,11,1
maize,34.07,0.92,False,2.8,25.8,609.9,1890.0,low,minor,5.54,188.62,A,7,3
beans,16.38,0.41,False,5.8,23.1,1492.3,1982.0,high,minor,0.73,12.0,B,10,8
tomatoes,26.8,0.92,False,1.1,32.5,747.4,2841.0,medium,none,27.13,727.09,A,7,5
rice,1.54,0.94,True,80.1,23.7,314.0,1956.0,medium,moderate,8.33,12.83,C,1,11
wheat,13.3,0.51,True,4.3,22.7,1297.0,1911.0,medium,moderate,3.13,41.66,A,5,9
rice,35.18,0.72,True,4.7,24.7,844.1,2804.0,medium,minor,7.96,279.97,C,2,7
maize,20.31,0.3,False,1.6,33.4,486.5,2190.0,low,minor,1.74,35.36,A,11,8
wheat,29.73,0.77,False,1.4,18.5,314.1,2844.0,high,minor,2.37,70.4,C,7,6
maize,23.26,0.81,True,6.0,23.8,1034.8,2916.0,medium,minor,8.7,202.4,B,6,1
maize,1.32,0.64,False,77.7,32.7,1246.0,1998.0,high,minor,3.48,4.6,C,3,5
wheat,7.22,0.77,False,14.9,20.5,1108.6,2063.0,high,none,2.27,16.41,C,6,6
wheat,6.19,0.5,False,22.5,20.6,1489.5,1570.0,medium,moderate,1.29,7.98,B,2,4
beans,33.94,0.52,False,1.5,31.4,1194.0,1977.0,high,minor,0.97,32.97,A,4,1
rice,14.51,0.98,True,9.2,20.3,458.7,2707.0,low,none,5.65,81.97,A,6,1
maize,28.98,0.85,False,2.7,30.9,702.5,2702.0,high,minor,4.81,139.46,A,9,8
wheat,44.47,0.75,False,3.1,25.1,1165.1,1514.0,low,moderate,3.9,173.41,C,3,10
wheat,12.17,0.47,False,7.3,27.5,1091.0,2297.0,medium,none,1.82,22.21,B,4,5
beans,1.85,0.42,False,54.0,25.5,437.5,1613.0,medium,moderate,1.03,1.91,B,1,6
maize,2.84,0.54,True,60.2,27.6,1202.6,2501.0,low,none,6.37,18.09,C,12,7
cassava,37.89,0.35,False,4.2,19.4,1140.2,2097.0,medium,minor,3.97,150.46,C,9,6
cassava,19.98,0.68,False,4.4,32.7,1451.3,2170.0,medium,minor,10.19,203.62,A,3,10
cassava,48.7,0.44,True,3.5,24.5,653.9,2423.0,high,minor,8.63,420.45,B,5,6
tomatoes,11.79,0.74,True,2.2,26.5,1241.7,2902.0,low,none,36.43,429.47,B,7,3
cassava,30.43,0.83,True,3.5,30.3,905.8,1986.0,low,minor,17.31,526.74,B,9,2
potatoes,21.44,0.54,True,0.1,27.7,1246.0,2580.0,medium,none,18.12,388.48,B,7,5
potatoes,41.29,0.6,True,2.2,32.4,1467.2,2268.0,low,moderate,15.98,659.91,C,5,1
maize,20.26,0.58,True,7.1,30.7,445.8,2049.0,high,moderate,6.18,125.21,C,7,7
maize,27.89,0.76,False,0.6,33.8,1361.0,2766.0,medium,none,2.48,69.12,C,9,4
potatoes,5.06,0.64,False,27.3,27.6,1383.4,1611.0,high,moderate,15.81,79.98,A,12,9
tomatoes,21.25,0.5,True,8.0,23.5,623.3,1536.0,high,moderate,25.63,544.63,C,9,5
wheat,45.36,0.9,False,2.6,29.5,579.4,2991.0,medium,minor,2.96,134.27,A,4,9
wheat,23.06,0.78,False,1.4,26.3,987.9,2307.0,high,minor,3.67,84.56,B,3,2
tomatoes,38.31,0.66,False,2.3,31.1,1334.9,2536.0,medium,minor,31.02,1188.42,A,6,12
cassava,17.15,1.0,True,7.9,27.8,332.9,2420.0,high,none,28.4,487.04,A,10,12
cassava,30.24,0.5,False,4.9,30.5,610.3,2893.0,high,none,8.72,263.82,C,4,2
rice,8.97,0.67,False,13.6,26.4,464.1,2169.0,high,moderate,4.27,38.33,B,7,12
wheat,47.53,0.71,False,3.5,22.1,819.4,2302.0,medium,none,4.23,200.93,A,1,9
rice,36.66,0.8,True,5.5,30.5,1048.5,1838.0,high,minor,5.21,190.97,A,3,11
rice,13.19,0.47,False,9.4,26.0,760.4,2335.0,medium,none,3.26,43.01,B,10,10
potatoes,41.99,0.8,True,2.3,30.0,885.5,2743.0,high,moderate,34.64,1454.32,B,12,9
tomatoes,2.77,0.72,True,62.2,25.4,437.2,2824.0,high,moderate,52.86,146.43,A,8,5
maize,34.64,0.55,True,4.2,23.3,1096.1,2045.0,high,minor,4.94,171.19,A,9,6
potatoes,21.17,0.91,True,6.8,22.5,1114.7,2238.0,medium,moderate,44.37,939.28,B,6,11
rice,25.54,0.73,True,4.4,32.1,373.6,2439.0,medium,none,4.59,117.22,A,12,6
beans,42.03,0.6,True,2.5,21.7,1017.4,2525.0,low,none,2.43,102.12,C,12,10
wheat,49.03,0.33,False,1.1,33.3,1162.3,1879.0,high,moderate,1.62,79.61,A,2,3
tomatoes,22.96,0.65,False,4.4,29.5,1461.1,1602.0,low,minor,28.51,654.6,A,9,2
wheat,48.86,0.57,False,3.1,31.6,1252.6,1803.0,medium,moderate,2.13,103.98,A,3,12
potatoes,29.41,0.39,True,3.1,29.2,565.4,1612.0,medium,moderate,17.71,520.94,A,2,4
beans,43.4,0.78,False,2.6,25.9,380.8,2499.0,medium,none,1.29,56.19,B,9,4
cassava,16.31,0.85,True,0.7,25.5,1265.2,1622.0,medium,moderate,18.28,298.19,B,12,3
beans,49.66,0.81,False,3.8,20.5,438.4,2101.0,low,minor,1.34,66.64,C,7,10
potatoes,22.2,0.54,True,3.7,29.0,1211.7,2329.0,low,none,22.12,491.0,B,10,7
potatoes,38.37,0.87,True,3.6,19.5,1361.3,2754.0,high,none,38.74,1486.51,B,7,7
wheat,21.14,0.47,False,5.4,25.1,1277.0,2429.0,low,minor,1.46,30.93,C,3,11
beans,30.22,0.39,True,3.9,30.5,824.4,2840.0,medium,moderate,1.34,40.55,B,2,5
cassava,48.62,0.49,False,2.5,27.2,622.5,2478.0,low,none,10.44,507.63,C,4,5
cassava,13.62,0.3,False,7.5,28.2,355.5,2853.0,low,moderate,5.74,78.23,C,4,2
tomatoes,39.79,0.97,False,4.8,22.7,552.3,1827.0,medium,none,31.47,1252.13,C,5,1
maize,23.72,0.45,True,5.0,27.5,724.8,2353.0,high,none,5.36,127.24,A,2,4
rice,8.22,0.52,False,6.1,29.6,1252.6,2520.0,high,none,3.22,26.48,A,11,6
tomatoes,39.3,0.58,False,4.8,21.4,631.4,2558.0,medium,minor,29.59,1163.07,C,3,1
potatoes,11.38,0.31,True,3.3,19.1,312.1,2797.0,high,moderate,8.84,100.65,B,5,10
wheat,35.12,0.93,False,2.2,19.3,1194.6,1519.0,medium,none,4.18,146.78,C,11,5
maize,43.25,0.91,True,3.8,30.5,1405.6,2546.0,medium,minor,8.2,354.65,C,3,12
beans,8.59,0.85,True,15.1,31.9,732.4,1846.0,medium,moderate,3.53,30.3,B,5,7
maize,26.97,0.43,False,7.3,19.9,1086.0,1795.0,medium,minor,2.32,62.44,B,9,11
cassava,33.23,0.78,True,4.9,30.1,1262.6,2230.0,high,moderate,19.82,658.77,A,7,3
rice,24.54,0.63,False,7.4,31.4,610.6,1938.0,medium,minor,3.55,87.13,B,1,8
beans,15.83,0.64,False,6.4,28.5,967.3,2633.0,low,moderate,1.48,23.51,A,11,6
rice,34.0,0.34,True,1.4,27.2,623.0,2971.0,medium,moderate,3.25,110.36,C,5,10
tomatoes,18.73,0.72,True,8.9,30.4,612.9,2933.0,high,moderate,43.08,806.96,B,2,9
tomatoes,38.31,0.9,False,0.4,23.0,1320.2,2545.0,high,none,29.85,1143.71,A,11,6
tomatoes,12.62,0.41,False,1.4,31.1,439.8,2932.0,medium,minor,14.08,177.72,C,6,12
cassava,6.83,0.55,False,4.1,25.2,705.7,2301.0,low,none,8.37,57.16,B,3,12
beans,9.36,0.4,True,15.5,30.6,975.6,2798.0,high,none,1.36,12.72,B,5,8
maize,35.13,0.66,False,1.9,33.6,473.6,2196.0,low,minor,5.03,176.6,A,11,3
tomatoes,28.35,0.33,True,5.1,21.3,682.4,1581.0,medium,moderate,21.33,604.6,B,12,2
maize,30.04,0.38,False,2.2,23.4,1405.5,2411.0,low,moderate,2.67,80.14,B,10,7
maize,49.04,0.73,False,0.6,34.1,497.3,1831.0,low,minor,3.42,167.68,B,11,9
beans,18.98,0.57,True,5.3,20.5,452.4,1546.0,low,none,1.27,24.17,B,11,6
beans,15.6,0.42,False,1.8,30.7,403.8,1521.0,medium,moderate,0.86,13.42,C,8,11
cassava,47.92,0.59,False,0.7,29.7,996.5,1679.0,low,none,7.92,379.66,C,6,12
rice,38.25,0.32,True,3.0,21.0,594.3,2074.0,medium,none,3.2,122.59,C,4,1
rice,36.05,0.5,False,4.2,18.0,1109.7,1900.0,medium,moderate,2.35,84.6,B,8,3
tomatoes,35.28,0.71,False,4.9,35.0,864.4,2113.0,low,none,33.67,1187.88,C,1,2
cassava,10.62,0.44,False,14.1,34.5,850.3,2314.0,medium,moderate,6.25,66.37,B,5,11
beans,33.5,0.89,True,0.8,22.4,311.6,1860.0,medium,moderate,2.47,82.76,C,4,11
maize,33.47,0.93,False,0.5,33.6,1196.4,2181.0,high,moderate,5.1,170.83,A,4,1
tomatoes,17.07,0.69,False,9.6,24.3,516.1,2966.0,low,none,28.97,494.59,C,10,8
maize,48.46,1.0,True,2.0,24.8,789.7,2020.0,high,minor,9.33,451.93,C,1,10
wheat,23.31,0.87,True,3.0,19.0,659.6,2764.0,medium,moderate,6.3,146.82,A,1,11
beans,48.82,0.3,False,3.7,27.7,821.8,1622.0,medium,moderate,0.82,40.12,A,5,5
tomatoes,4.64,0.37,False,38.2,18.8,799.0,2045.0,high,moderate,12.57,58.34,C,4,8
beans,24.51,0.4,False,7.3,31.2,430.4,1518.0,high,moderate,0.93,22.87,A,9,5
tomatoes,1.71,0.59,True,77.8,18.2,510.0,2104.0,low,minor,36.56,62.52,C,6,1
beans,12.68,0.47,True,2.8,31.7,683.7,2613.0,medium,none,1.02,12.99,C,9,11
rice,40.65,0.49,True,3.8,33.1,1032.3,1634.0,low,minor,3.31,134.41,C,5,5
rice,21.69,0.63,True,0.1,26.9,490.7,2968.0,low,moderate,3.92,85.1,B,1,5
rice,17.83,0.5,False,2.1,23.5,354.1,2737.0,medium,minor,1.92,34.31,A,8,8
beans,5.72,0.9,True,4.3,26.1,888.4,1836.0,medium,moderate,2.97,16.98,A,8,12
potatoes,15.93,0.36,False,8.7,23.5,1225.7,2011.0,low,none,11.06,176.21,B,8,3
cassava,20.71,0.56,False,0.3,31.8,449.9,1943.0,high,minor,4.34,89.93,A,5,5
potatoes,11.12,0.62,False,2.6,33.6,1051.8,2958.0,high,minor,9.77,108.6,A,5,7
maize,21.12,0.36,True,4.9,30.2,1121.8,2719.0,high,minor,2.32,49.09,A,2,5
tomatoes,15.79,0.62,False,1.0,20.0,507.0,2021.0,medium,minor,15.63,246.77,B,9,11
cassava,40.6,0.39,False,0.3,31.7,726.6,2348.0,medium,none,3.96,160.95,A,4,3
beans,31.86,0.38,True,2.7,29.1,907.4,2921.0,low,minor,1.06,33.9,B,6,3
wheat,26.13,0.66,True,5.6,28.3,416.6,1844.0,medium,minor,3.12,81.55,B,7,2
tomatoes,25.05,0.62,False,2.8,33.0,1282.2,2901.0,low,minor,27.51,689.11,B,1,7
tomatoes,31.95,0.56,False,2.6,20.9,477.0,2503.0,medium,minor,18.41,588.24,C,3,3
tomatoes,12.16,0.75,True,5.5,18.2,906.8,2912.0,low,none,57.61,700.56,C,8,12
tomatoes,7.25,0.74,False,7.1,30.6,1301.8,2805.0,high,moderate,21.45,155.53,A,11,11
tomatoes,38.94,0.71,False,4.9,27.0,654.1,1772.0,high,moderate,25.62,997.75,C,2,9
tomatoes,16.6,0.4,True,8.1,20.2,915.7,2787.0,high,minor,32.81,544.69,B,11,9
wheat,28.53,0.95,False,1.0,34.4,1070.8,2873.0,low,minor,4.12,117.56,B,11,11
tomatoes,37.39,0.92,True,4.9,19.8,746.8,1719.0,low,moderate,45.44,1699.18,B,9,12
tomatoes,49.58,0.81,True,3.0,32.5,466.8,1802.0,medium,none,58.66,2908.18,C,8,1
tomatoes,43.47,0.99,False,1.6,21.7,389.1,1559.0,low,minor,45.73,1987.67,B,12,3
maize,18.85,0.51,False,8.8,18.5,499.7,2875.0,low,moderate,2.32,43.77,C,8,4
rice,17.24,0.78,True,8.4,20.9,551.7,1639.0,medium,none,4.34,74.89,C,11,7
maize,48.0,0.44,False,3.0,23.8,553.5,1586.0,low,moderate,2.51,120.63,B,7,7
potatoes,21.28,0.72,False,5.1,31.0,1012.0,2173.0,high,moderate,20.77,442.07,A,4,10
cassava,46.28,0.54,False,4.3,24.4,494.0,2059.0,high,minor,9.97,461.33,A,9,4
maize,14.71,0.42,True,6.9,19.3,1156.4,1866.0,high,minor,4.21,61.95,C,11,7
wheat,5.71,0.99,True,27.4,26.6,783.2,2376.0,low,moderate,8.04,45.93,B,8,3
wheat,49.03,0.6,True,2.7,31.0,726.7,2785.0,high,minor,3.8,186.4,C,8,1
cassava,46.77,0.57,True,2.7,18.8,1108.2,1674.0,medium,none,10.52,492.01,B,6,5
cassava,4.33,0.88,False,43.5,27.0,686.8,1575.0,medium,minor,17.89,77.47,A,11,2
maize,27.73,0.68,False,6.9,30.6,360.8,1565.0,high,none,3.98,110.47,C,9,2
beans,16.45,0.97,True,3.1,28.4,1017.5,2268.0,low,none,3.51,57.71,B,9,1
rice,41.42,0.88,True,4.2,34.7,1386.8,2045.0,medium,none,7.5,310.62,A,5,7
potatoes,14.44,0.42,False,2.1,32.5,1457.1,2761.0,medium,minor,8.05,116.18,A,11,12
beans,15.6,0.53,False,12.2,24.9,911.2,2214.0,medium,moderate,1.2,18.7,A,8,2
beans,28.39,0.39,False,6.9,20.9,1123.6,1560.0,medium,minor,0.92,26.05,B,2,5
rice,29.83,0.75,False,3.5,34.0,1483.7,2693.0,medium,moderate,3.98,118.61,A,8,3
potatoes,21.92,0.46,False,3.2,22.9,1083.1,2259.0,low,minor,9.19,201.54,B,11,5
cassava,47.65,0.87,False,4.0,27.9,1334.4,2886.0,medium,minor,11.51,548.58,B,11,6
cassava,18.52,0.98,True,3.3,20.5,489.2,1686.0,medium,none,23.6,437.11,B,12,6
rice,6.63,0.61,False,10.0,19.4,569.2,2637.0,high,minor,2.61,17.3,A,10,6
tomatoes,13.67,0.94,False,5.4,34.6,356.0,2500.0,high,moderate,42.67,583.25,C,12,8
tomatoes,12.91,0.36,True,14.4,31.8,334.0,2854.0,low,moderate,22.43,289.59,C,5,5
wheat,1.74,0.4,False,67.1,29.7,408.1,2603.0,low,none,1.97,3.42,A,6,11
potatoes,4.04,0.45,True,37.2,33.2,667.0,2372.0,high,none,13.5,54.56,B,10,12
maize,27.46,0.6,False,1.5,31.8,437.3,2004.0,high,none,2.46,67.61,A,3,5
rice,27.5,0.79,True,2.4,24.8,544.6,2455.0,medium,none,6.57,180.76,C,4,1
potatoes,9.44,0.76,False,20.0,22.3,800.9,2087.0,high,moderate,25.6,241.69,C,2,10
rice,13.99,0.34,False,6.5,21.8,1486.4,2487.0,high,minor,1.93,26.93,C,3,10
cassava,43.87,0.62,False,2.3,28.9,946.8,2720.0,medium,moderate,12.94,567.72,B,2,5
cassava,18.93,0.59,True,6.8,20.8,885.0,1978.0,medium,none,18.62,352.4,C,7,2
rice,21.73,0.93,False,4.4,30.5,1410.2,2431.0,low,minor,4.61,100.26,A,8,5
cassava,14.21,0.55,True,3.3,29.0,350.4,2194.0,low,minor,15.07,214.13,A,11,12
beans,17.53,0.66,True,6.0,27.1,1016.9,2339.0,medium,minor,1.94,34.0,B,10,2
cassava,10.25,0.6,True,8.4,28.7,888.4,2076.0,low,moderate,10.83,111.04,A,10,2
maize,33.4,0.98,True,1.3,22.2,983.5,2217.0,high,none,8.73,291.71,A,11,4
potatoes,39.59,0.41,True,2.6,20.7,924.8,1704.0,medium,moderate,12.92,511.59,A,12,5
wheat,15.21,0.97,False,2.5,25.5,918.4,1510.0,high,minor,4.52,68.82,B,4,8
tomatoes,26.51,0.87,True,3.2,32.6,1353.5,1772.0,medium,moderate,43.92,1164.31,A,3,12
wheat,0.97,0.9,True,179.5,24.6,1095.0,2040.0,high,minor,4.47,4.33,A,5,12
rice,29.38,1.0,True,3.3,23.5,1198.2,2347.0,low,moderate,8.79,258.28,B,3,9
rice,38.22,0.36,True,4.3,21.0,825.6,2926.0,high,minor,2.63,100.49,C,9,1
rice,49.62,0.69,True,1.0,24.5,1123.9,2338.0,low,minor,7.0,347.52,C,4,12
rice,0.88,0.6,False,226.8,20.6,1040.6,2318.0,medium,none,2.57,2.26,C,5,5
maize,37.59,0.36,True,1.2,32.2,1490.2,2703.0,high,minor,3.27,122.76,C,10,7
rice,14.88,0.98,False,5.0,20.6,727.1,2924.0,high,moderate,4.2,62.51,A,10,7
tomatoes,2.37,0.36,True,22.0,22.9,519.0,2346.0,medium,moderate,19.75,46.82,C,4,4
cassava,14.25,0.82,True,4.8,31.8,549.7,1594.0,medium,moderate,16.7,238.01,B,12,8
beans,19.05,0.31,True,9.8,23.2,1068.0,2528.0,medium,minor,0.96,18.24,A,2,4
beans,25.37,0.31,True,7.6,19.3,729.7,2648.0,high,minor,0.99,25.18,B,11,9
maize,7.24,0.86,True,24.6,20.5,1472.3,1654.0,medium,moderate,6.85,49.6,B,9,9
rice,39.84,0.66,False,0.2,28.2,593.1,1921.0,medium,moderate,2.86,114.05,B,11,9
beans,24.44,0.93,False,1.0,22.8,782.6,1565.0,high,none,1.7,41.46,B,2,8
cassava,47.15,0.71,False,3.9,32.5,463.9,1822.0,medium,moderate,7.94,374.3,B,2,3
cassava,18.93,0.3,True,9.8,20.5,670.9,2547.0,high,none,8.3,157.13,C,6,11
wheat,30.47,0.81,False,0.1,25.2,970.6,2200.0,low,minor,2.37,72.19,B,6,6
beans,39.86,0.5,True,3.1,24.6,702.2,2748.0,high,none,1.36,54.14,B,5,8
rice,45.68,0.94,True,2.9,29.2,910.4,1766.0,low,minor,6.71,306.39,B,7,2
cassava,33.46,0.43,True,1.3,33.6,1441.7,2407.0,low,minor,8.14,272.5,A,6,6
beans,28.44,0.72,False,0.3,27.1,376.6,2409.0,high,none,0.82,23.29,C,4,9
rice,0.78,0.75,True,175.8,24.0,434.1,1775.0,low,moderate,7.17,5.59,A,4,12
maize,9.47,0.44,False,6.9,30.4,1428.3,1760.0,medium,moderate,2.11,19.98,C,5,12
maize,20.92,0.8,False,0.4,21.7,387.7,2790.0,medium,minor,4.19,87.56,A,2,10
rice,11.8,0.6,False,14.1,18.2,666.7,2052.0,medium,moderate,3.0,35.35,A,1,11
beans,22.85,0.4,False,7.5,22.9,1145.2,2846.0,high,none,0.82,18.67,B,7,10
cassava,43.37,0.56,True,0.6,33.4,781.3,1983.0,medium,none,10.94,474.51,B,3,1
tomatoes,37.31,0.38,True,1.5,33.8,419.1,2717.0,medium,minor,21.83,814.3,C,2,3
cassava,43.44,0.52,False,1.4,24.6,821.8,2822.0,medium,none,6.88,298.98,B,4,1
maize,45.18,0.38,False,0.5,21.1,1239.8,2941.0,high,none,1.6,72.41,C,3,9
potatoes,2.26,0.51,True,2.6,30.2,1483.5,2733.0,high,none,15.7,35.49,A,8,9
tomatoes,27.56,0.94,True,2.3,32.5,1246.4,2158.0,low,none,44.18,1217.46,C,6,7
rice,10.3,0.37,False,5.2,26.6,608.8,2444.0,high,none,2.56,26.38,A,9,7
maize,40.18,0.62,True,0.4,28.5,402.4,1581.0,medium,minor,4.43,178.09,B,12,4
wheat,38.07,0.69,True,2.5,34.8,1017.1,2108.0,medium,moderate,4.29,163.48,C,1,4
beans,21.87,0.71,True,6.1,33.8,1036.7,2476.0,high,minor,1.81,39.53,C,9,10
maize,40.0,0.86,False,1.6,26.1,1416.7,2965.0,low,none,5.07,202.68,C,4,7
beans,13.63,0.32,True,5.4,33.1,1274.5,2206.0,medium,none,0.79,10.79,B,11,10
tomatoes,29.59,0.53,True,0.7,19.6,892.9,1795.0,low,moderate,25.88,765.66,B,9,3
wheat,2.67,0.67,False,71.4,28.3,766.1,2874.0,high,none,2.7,7.22,B,6,12
beans,49.81,0.67,True,3.2,31.9,1283.5,1963.0,medium,moderate,2.4,119.5,C,4,5
wheat,36.62,0.81,True,3.6,20.6,543.3,2495.0,medium,none,6.4,234.49,B,3,12
beans,5.0,0.31,True,17.5,19.9,455.8,2364.0,high,none,0.69,3.45,B,7,5
wheat,30.54,0.5,True,1.2,30.0,844.1,2962.0,high,minor,2.71,82.8,A,7,3
maize,31.75,0.37,True,5.1,21.1,1413.3,2406.0,high,none,3.39,107.76,B,7,6
wheat,38.4,0.64,True,3.5,31.7,1164.0,1580.0,medium,minor,2.85,109.4,A,9,6
beans,38.61,0.61,False,2.1,29.0,1220.7,2839.0,high,none,1.25,48.13,A,3,8
maize,1.5,0.86,False,99.0,20.8,1123.1,1649.0,medium,none,6.96,10.45,A,4,1
rice,16.5,0.62,True,4.7,34.9,770.4,1579.0,low,minor,5.85,96.58,B,5,5
potatoes,47.34,0.8,False,2.9,28.5,610.3,2896.0,low,moderate,20.91,989.72,A,4,9
tomatoes,5.27,0.72,True,18.7,31.9,1419.1,2547.0,low,minor,40.91,215.6,A,8,10
maize,22.01,0.44,True,4.6,34.0,1173.0,2694.0,low,none,3.72,81.8,C,2,10
cassava,17.42,0.47,True,7.6,20.4,985.2,2407.0,medium,minor,11.86,206.52,C,4,8
potatoes,27.06,0.52,True,5.1,19.4,722.4,1518.0,low,moderate,17.6,476.38,B,4,5
beans,17.08,0.57,True,4.0,25.9,1014.5,2452.0,high,none,2.11,36.08,B,8,4
maize,27.18,0.94,False,1.4,32.6,808.7,1892.0,high,minor,5.22,141.95,C,5,6
wheat,32.37,0.55,False,3.0,28.9,1225.7,2136.0,low,moderate,2.59,83.73,A,12,12
potatoes,36.01,0.87,False,3.1,23.8,1172.5,1531.0,medium,none,18.94,682.05,C,3,2
cassava,21.7,1.0,False,2.2,35.0,1427.8,2376.0,high,minor,11.81,256.33,B,10,9
potatoes,20.86,0.85,False,3.1,33.0,884.9,2208.0,high,minor,20.62,430.2,A,5,3
beans,5.5,0.98,True,21.5,24.2,571.8,2348.0,low,moderate,3.98,21.9,C,9,3
rice,19.45,0.56,True,4.1,24.7,1467.5,2504.0,medium,none,3.17,61.68,C,10,6
beans,31.92,0.33,True,0.1,31.4,620.4,2611.0,low,minor,0.88,27.95,C,1,8
potatoes,15.61,0.53,True,3.9,27.0,583.0,2724.0,low,minor,22.92,357.86,C,10,6
maize,48.13,0.97,False,1.8,32.2,1279.9,1723.0,high,none,4.72,227.36,C,7,9
beans,23.19,0.34,False,7.8,24.1,1387.4,2878.0,low,minor,0.53,12.31,C,9,11
maize,25.91,0.73,True,0.0,21.5,1399.0,1918.0,low,moderate,4.22,109.41,C,11,11
rice,41.18,0.66,False,3.1,26.5,598.3,2797.0,low,none,2.88,118.77,C,10,6
maize,16.93,0.55,True,6.3,19.7,818.1,1840.0,medium,moderate,4.96,83.98,C,2,7
tomatoes,45.4,0.59,False,0.7,22.2,749.4,1726.0,low,minor,20.86,947.11,C,7,11
cassava,13.93,0.51,True,7.2,32.8,740.0,2865.0,medium,none,14.18,197.56,B,7,11
beans,33.93,0.39,True,2.7,20.9,317.8,2817.0,medium,moderate,0.89,30.19,B,6,5
potatoes,9.8,0.4,False,3.5,29.1,771.7,2785.0,medium,moderate,8.25,80.83,A,12,9
wheat,29.67,0.84,False,2.4,19.8,1113.3,2072.0,high,minor,2.79,82.82,B,3,11
potatoes,12.55,0.93,False,9.3,29.3,1153.4,1994.0,low,none,30.78,386.32,B,11,3
tomatoes,18.31,0.84,True,0.2,23.2,899.9,2549.0,high,moderate,45.58,834.65,C,10,8
beans,0.99,0.35,False,187.6,31.1,1305.4,1942.0,high,moderate,0.68,0.67,B,3,11
maize,19.91,0.81,False,5.8,20.0,1235.6,2738.0,low,none,5.5,109.5,C,7,10
cassava,22.22,0.34,True,8.9,25.0,1372.2,1604.0,low,none,9.21,204.57,B,7,10
potatoes,45.38,0.6,False,4.0,23.8,1034.6,2710.0,low,minor,21.38,970.16,A,8,10
tomatoes,2.45,0.7,True,7.0,31.6,1127.8,2780.0,medium,none,42.72,104.66,C,2,6
wheat,11.38,0.78,False,7.1,31.0,772.3,2665.0,medium,none,3.93,44.75,C,3,9
beans,4.9,0.44,True,12.3,34.3,1355.1,1512.0,low,moderate,1.54,7.56,C,11,11
wheat,41.63,0.52,False,2.8,30.5,594.7,2601.0,low,minor,1.71,71.29,A,4,2
tomatoes,15.08,0.54,True,0.4,29.4,1306.4,1648.0,medium,moderate,18.57,280.06,A,8,4
rice,12.22,0.49,False,2.4,30.2,564.7,1782.0,medium,none,2.85,34.85,C,5,6
rice,21.59,0.36,False,5.8,23.2,954.3,2822.0,low,minor,2.61,56.27,B,9,6
maize,28.5,0.32,False,1.7,18.3,762.2,2749.0,low,moderate,2.46,70.19,C,11,7
rice,43.78,0.86,True,4.4,33.3,929.2,1736.0,medium,moderate,5.45,238.48,B,2,12
maize,12.66,0.94,False,7.1,19.3,1110.6,2009.0,high,minor,4.42,55.99,C,7,9
maize,25.78,0.52,True,2.3,33.8,1084.6,1753.0,high,moderate,5.71,147.23,B,12,4
cassava,8.37,0.89,True,20.7,27.7,624.2,1828.0,medium,none,18.19,152.29,B,4,10
maize,8.54,0.91,True,21.6,18.7,564.2,2734.0,high,minor,6.81,58.12,C,3,5
potatoes,10.71,0.59,False,0.9,24.1,454.3,2755.0,low,moderate,11.02,118.07,B,6,3
cassava,39.75,0.71,True,0.2,21.6,1264.7,2249.0,high,minor,11.44,454.67,A,9,2
maize,33.93,0.47,False,3.5,29.2,936.8,2338.0,medium,moderate,4.03,136.67,A,12,6
maize,49.23,0.55,True,1.9,23.3,317.0,1948.0,medium,moderate,5.53,272.47,B,10,4
potatoes,41.23,0.45,True,4.0,23.7,785.3,2488.0,low,minor,22.95,946.23,A,9,2
wheat,28.38,0.81,True,5.8,22.3,1243.4,2684.0,medium,none,5.21,147.77,B,1,3
cassava,31.32,0.4,True,0.8,22.0,1257.5,2594.0,medium,minor,7.97,249.77,B,7,7
wheat,8.45,0.47,True,20.3,24.4,1435.9,2336.0,high,moderate,3.25,27.48,B,3,3
rice,26.27,0.97,True,2.0,31.2,639.9,2779.0,low,moderate,7.63,200.34,A,2,8
maize,42.78,0.65,False,1.6,28.8,698.9,2028.0,high,moderate,4.64,198.66,C,2,9
tomatoes,15.91,0.96,True,6.4,26.0,764.4,1860.0,medium,minor,51.01,811.55,C,7,5
potatoes,22.99,0.94,False,1.9,20.3,1416.8,2516.0,high,none,15.79,363.05,C,9,2
beans,27.27,0.46,False,4.2,18.2,758.8,2448.0,low,moderate,0.97,26.48,A,10,7
wheat,1.44,0.5,True,110.1,31.7,434.5,1805.0,low,none,3.52,5.07,C,4,6
cassava,10.4,0.32,True,3.6,27.3,832.4,2034.0,low,minor,6.59,68.57,C,1,6
maize,40.37,0.69,False,0.3,27.2,1148.6,1971.0,medium,minor,2.63,106.06,A,12,9
rice,28.99,0.88,True,3.8,33.6,678.8,2114.0,medium,moderate,5.8,168.03,A,5,12
cassava,27.06,0.83,True,6.1,34.7,701.9,1829.0,low,none,25.29,684.43,C,5,4
rice,8.83,0.67,True,14.3,34.0,575.6,1977.0,low,moderate,3.99,35.21,B,2,8
cassava,22.76,0.56,True,7.2,32.9,1304.1,2922.0,high,minor,10.37,236.12,A,6,8
potatoes,45.6,0.34,False,4.0,19.3,712.6,2643.0,low,none,7.91,360.86,C,7,2
tomatoes,40.8,0.88,True,0.7,26.5,638.2,2020.0,medium,minor,36.69,1496.83,C,4,10
rice,25.42,0.94,False,3.4,26.4,1021.4,2935.0,medium,minor,5.55,141.0,A,3,7
tomatoes,9.97,0.98,False,16.2,32.0,1129.8,2885.0,low,moderate,28.06,279.72,C,1,6
rice,37.29,0.53,True,2.1,18.5,803.9,2610.0,low,none,5.28,196.95,A,9,7
potatoes,36.95,0.32,True,5.1,32.2,600.3,2253.0,low,none,13.26,490.11,C,9,5
rice,3.84,0.57,False,40.8,24.3,380.8,2994.0,medium,moderate,2.75,10.58,B,2,6
wheat,40.78,0.7,True,4.4,25.4,1251.1,1889.0,high,none,4.34,177.05,B,12,8
rice,11.24,0.68,False,9.3,24.2,822.3,1972.0,low,moderate,3.65,41.04,C,7,9
maize,32.39,0.98,True,2.0,31.5,1245.7,2986.0,low,moderate,8.36,270.74,C,10,12
cassava,47.07,0.71,True,2.1,23.4,790.6,2093.0,medium,minor,19.34,910.46,C,5,4
maize,47.85,0.71,True,1.6,34.1,617.4,2022.0,medium,moderate,7.73,370.07,C,11,12
tomatoes,16.47,0.69,False,6.1,30.6,1098.6,2300.0,high,minor,21.49,354.0,B,9,10
rice,14.08,0.48,False,7.5,28.7,1131.4,2733.0,medium,minor,1.93,27.19,B,4,1
cassava,5.29,0.46,True,1.2,24.6,1055.0,2698.0,low,moderate,7.86,41.58,B,2,12
tomatoes,18.51,0.96,False,2.6,23.6,1069.2,1836.0,medium,minor,42.17,780.63,B,12,4
wheat,49.21,0.54,False,1.5,28.0,1141.1,1930.0,low,none,2.17,106.83,A,5,2
tomatoes,11.13,0.57,True,4.8,29.4,1494.5,2804.0,low,minor,27.75,308.83,B,10,2
potatoes,45.32,0.41,True,2.9,18.4,649.9,1549.0,medium,minor,14.37,651.22,B,5,6
wheat,29.26,0.83,True,0.9,21.4,567.2,2484.0,low,minor,3.68,107.79,B,6,10
rice,12.94,0.81,False,12.2,31.7,796.1,1501.0,low,minor,4.68,60.61,A,10,7
wheat,1.97,0.9,False,100.8,28.3,907.3,2000.0,medium,moderate,4.84,9.53,B,3,8
maize,10.26,0.91,False,12.1,29.1,1425.2,2302.0,high,moderate,3.74,38.38,C,1,1
cassava,7.48,0.58,True,18.7,19.0,1051.7,1705.0,high,minor,12.38,92.62,A,10,9
tomatoes,0.74,0.65,False,179.7,25.8,717.1,2669.0,high,minor,24.28,17.96,C,8,10
potatoes,21.96,0.38,True,1.9,31.8,1470.7,2314.0,medium,minor,14.81,325.24,C,5,1
beans,32.82,0.55,True,0.8,29.5,1338.4,1903.0,medium,none,1.15,37.76,B,6,10
cassava,16.0,0.68,False,7.2,23.2,1358.3,2362.0,low,none,11.51,184.21,C,10,7
tomatoes,31.07,0.52,True,5.3,18.5,1310.5,1606.0,low,moderate,22.59,701.86,C,7,4
rice,0.84,0.75,True,226.2,26.4,938.7,2941.0,low,minor,8.21,6.89,A,6,10
tomatoes,48.01,0.78,True,0.1,31.1,525.4,1892.0,high,minor,41.86,2009.65,B,1,1
rice,0.8,0.64,False,234.8,31.9,1188.3,2836.0,high,none,2.34,1.87,B,6,1
rice,15.75,0.36,True,0.2,23.5,1254.5,1763.0,high,minor,2.26,35.55,A,7,6
wheat,24.5,0.38,True,2.3,31.6,1323.5,1795.0,high,minor,2.08,51.06,C,6,10
cassava,37.49,0.41,False,3.7,25.3,606.3,2932.0,high,none,4.89,183.28,C,8,12
rice,27.17,0.75,False,3.4,20.9,1066.1,1594.0,high,none,5.07,137.69,C,8,6
beans,16.47,0.49,False,4.0,22.0,524.9,1774.0,low,moderate,0.92,15.15,B,7,5
wheat,28.58,0.95,True,0.7,29.9,1468.5,2957.0,medium,none,3.37,96.32,C,2,11
wheat,23.22,0.52,False,7.0,28.0,968.2,2098.0,low,minor,2.95,68.46,C,8,10
beans,45.21,0.67,True,0.2,25.9,587.4,2248.0,high,minor,1.75,79.04,B,10,9
tomatoes,22.43,0.71,True,4.2,34.2,1444.0,2839.0,low,moderate,47.34,1061.84,C,8,1
maize,46.5,0.95,False,1.7,32.7,521.8,2885.0,high,minor,6.92,321.97,A,6,5
cassava,46.88,0.62,False,2.6,18.2,677.0,1878.0,low,none,10.34,484.85,C,7,10
maize,47.16,0.69,False,0.4,26.8,1497.8,1746.0,high,none,3.72,175.66,B,5,12
wheat,46.63,0.44,False,2.1,34.9,1050.0,1836.0,low,moderate,2.16,100.81,B,2,2
rice,33.32,0.38,False,4.2,33.8,1429.9,1990.0,low,minor,1.49,49.64,A,12,10
wheat,31.92,0.48,True,2.3,26.8,1043.5,2882.0,low,moderate,2.66,84.84,C,7,6
beans,25.0,0.33,True,3.5,24.5,1446.7,1644.0,low,minor,0.67,16.68,A,11,5
